-- phpMyAdmin SQL Dump
-- version 4.0.10.7
-- http://www.phpmyadmin.net
--
-- Host: localhost
-- Generation Time: May 01, 2015 at 03:46 AM
-- Server version: 5.1.59-rel13.0-log
-- PHP Version: 5.4.23

SET SQL_MODE = "NO_AUTO_VALUE_ON_ZERO";
SET time_zone = "+00:00";


/*!40101 SET @OLD_CHARACTER_SET_CLIENT=@@CHARACTER_SET_CLIENT */;
/*!40101 SET @OLD_CHARACTER_SET_RESULTS=@@CHARACTER_SET_RESULTS */;
/*!40101 SET @OLD_COLLATION_CONNECTION=@@COLLATION_CONNECTION */;
/*!40101 SET NAMES utf8 */;

--
-- Database: `piknikin_piknik_ims`
--

-- --------------------------------------------------------

--
-- Table structure for table `bank`
--

CREATE TABLE IF NOT EXISTS `bank` (
  `id` int(11) NOT NULL AUTO_INCREMENT,
  `bank_name` varchar(200) NOT NULL,
  `branch` varchar(200) NOT NULL,
  `ifsc_code` varchar(20) NOT NULL,
  `created_at` timestamp NOT NULL DEFAULT CURRENT_TIMESTAMP,
  `last_edited` timestamp NOT NULL DEFAULT '0000-00-00 00:00:00',
  PRIMARY KEY (`id`)
) ENGINE=InnoDB DEFAULT CHARSET=latin1 AUTO_INCREMENT=1 ;

-- --------------------------------------------------------

--
-- Table structure for table `bank_deposits`
--

CREATE TABLE IF NOT EXISTS `bank_deposits` (
  `id` int(11) NOT NULL AUTO_INCREMENT,
  `cachier_id` int(11) NOT NULL,
  `bank_id` int(11) NOT NULL,
  `amount` int(11) NOT NULL,
  `description` text NOT NULL,
  `deposited_at` timestamp NOT NULL DEFAULT CURRENT_TIMESTAMP,
  `last_edited` timestamp NOT NULL DEFAULT '0000-00-00 00:00:00',
  PRIMARY KEY (`id`),
  KEY `cachier_id` (`cachier_id`),
  KEY `bank_id` (`bank_id`),
  KEY `cachier_id_2` (`cachier_id`),
  KEY `bank_id_2` (`bank_id`)
) ENGINE=InnoDB DEFAULT CHARSET=latin1 AUTO_INCREMENT=1 ;

-- --------------------------------------------------------

--
-- Table structure for table `company`
--

CREATE TABLE IF NOT EXISTS `company` (
  `id` int(11) NOT NULL AUTO_INCREMENT,
  `company_name` varchar(200) NOT NULL,
  `company_code` varchar(20) NOT NULL,
  `tin_number` varchar(50) DEFAULT NULL,
  `created_at` timestamp NOT NULL DEFAULT CURRENT_TIMESTAMP,
  `last_edited` timestamp NOT NULL DEFAULT '0000-00-00 00:00:00',
  PRIMARY KEY (`id`)
) ENGINE=InnoDB  DEFAULT CHARSET=latin1 AUTO_INCREMENT=2 ;

--
-- Dumping data for table `company`
--

INSERT INTO `company` (`id`, `company_name`, `company_code`, `tin_number`, `created_at`, `last_edited`) VALUES
(1, 'Hilite Pik-Nik', 'HILITE', NULL, '2015-04-08 09:59:46', '0000-00-00 00:00:00');

-- --------------------------------------------------------

--
-- Table structure for table `customer`
--

CREATE TABLE IF NOT EXISTS `customer` (
  `id` int(11) NOT NULL AUTO_INCREMENT,
  `customer_name` varchar(200) NOT NULL,
  `contact_number` varchar(25) NOT NULL,
  `company_id` int(11) NOT NULL,
  `total_purchace_amount` int(11) NOT NULL,
  `purchace_amount_to_avail_redeem` int(11) NOT NULL,
  `created_at` timestamp NOT NULL DEFAULT CURRENT_TIMESTAMP,
  `last_edited` timestamp NOT NULL DEFAULT '0000-00-00 00:00:00',
  PRIMARY KEY (`id`),
  KEY `company_id` (`company_id`)
) ENGINE=InnoDB  DEFAULT CHARSET=latin1 AUTO_INCREMENT=2 ;

--
-- Dumping data for table `customer`
--

INSERT INTO `customer` (`id`, `customer_name`, `contact_number`, `company_id`, `total_purchace_amount`, `purchace_amount_to_avail_redeem`, `created_at`, `last_edited`) VALUES
(1, 'Sakkeer', '+919746393923', 1, 0, 0, '2015-04-29 16:27:55', '0000-00-00 00:00:00');

-- --------------------------------------------------------

--
-- Table structure for table `expences`
--

CREATE TABLE IF NOT EXISTS `expences` (
  `id` int(11) NOT NULL AUTO_INCREMENT,
  `amount` int(11) NOT NULL,
  `description` varchar(200) NOT NULL,
  `created_at` timestamp NOT NULL DEFAULT CURRENT_TIMESTAMP,
  `last_edited` timestamp NOT NULL DEFAULT '0000-00-00 00:00:00',
  PRIMARY KEY (`id`)
) ENGINE=InnoDB DEFAULT CHARSET=latin1 AUTO_INCREMENT=1 ;

-- --------------------------------------------------------

--
-- Table structure for table `inventry`
--

CREATE TABLE IF NOT EXISTS `inventry` (
  `id` int(11) NOT NULL AUTO_INCREMENT,
  `item_id` int(11) NOT NULL,
  `in_stock_count` int(11) NOT NULL,
  `cutoff_count` int(11) NOT NULL,
  `selling_prize` int(11) NOT NULL,
  `company_id` int(11) NOT NULL,
  `tax_category_id` int(11) NOT NULL DEFAULT '1',
  `created_at` timestamp NOT NULL DEFAULT CURRENT_TIMESTAMP,
  `last_edited` timestamp NOT NULL DEFAULT '0000-00-00 00:00:00',
  PRIMARY KEY (`id`),
  KEY `item_id` (`item_id`),
  KEY `company_id` (`company_id`),
  KEY `tax_category_id` (`tax_category_id`)
) ENGINE=InnoDB  DEFAULT CHARSET=latin1 AUTO_INCREMENT=173 ;

--
-- Dumping data for table `inventry`
--

INSERT INTO `inventry` (`id`, `item_id`, `in_stock_count`, `cutoff_count`, `selling_prize`, `company_id`, `tax_category_id`, `created_at`, `last_edited`) VALUES
(1, 14, 32, 0, 75, 1, 1, '0000-00-00 00:00:00', '0000-00-00 00:00:00'),
(2, 140, 90, 0, 10, 1, 2, '0000-00-00 00:00:00', '0000-00-00 00:00:00'),
(3, 190, 14, 0, 900, 1, 1, '0000-00-00 00:00:00', '0000-00-00 00:00:00'),
(4, 186, 6, 0, 950, 1, 1, '2015-04-25 12:13:26', '0000-00-00 00:00:00'),
(5, 187, 3, 0, 950, 1, 1, '2015-04-25 12:13:26', '0000-00-00 00:00:00'),
(6, 179, 1, 0, 1300, 1, 1, '2015-04-25 12:13:31', '0000-00-00 00:00:00'),
(7, 181, 1, 0, 310, 1, 1, '2015-04-25 12:13:31', '0000-00-00 00:00:00'),
(8, 180, 1, 0, 1100, 1, 1, '2015-04-25 12:13:31', '0000-00-00 00:00:00'),
(9, 178, 1, 0, 1850, 1, 1, '2015-04-25 12:13:31', '0000-00-00 00:00:00'),
(10, 183, 1, 0, 600, 1, 1, '2015-04-25 12:13:31', '0000-00-00 00:00:00'),
(11, 182, 19, 0, 295, 1, 1, '2015-04-25 12:13:31', '0000-00-00 00:00:00'),
(12, 184, 0, 0, 1500, 1, 1, '2015-04-25 12:13:31', '0000-00-00 00:00:00'),
(13, 185, 21, 0, 90, 1, 1, '2015-04-25 12:13:31', '0000-00-00 00:00:00'),
(14, 188, 12, 0, 650, 1, 1, '2015-04-25 12:13:31', '0000-00-00 00:00:00'),
(15, 149, 10, 0, 720, 1, 2, '0000-00-00 00:00:00', '0000-00-00 00:00:00'),
(16, 148, 10, 0, 1200, 1, 2, '0000-00-00 00:00:00', '0000-00-00 00:00:00'),
(17, 150, 5, 0, 1400, 1, 1, '2015-04-25 12:13:37', '0000-00-00 00:00:00'),
(18, 151, 6, 0, 400, 1, 1, '0000-00-00 00:00:00', '0000-00-00 00:00:00'),
(19, 152, 6, 0, 400, 1, 1, '0000-00-00 00:00:00', '0000-00-00 00:00:00'),
(20, 153, 8, 0, 1400, 1, 2, '0000-00-00 00:00:00', '0000-00-00 00:00:00'),
(21, 155, 5, 0, 600, 1, 1, '2015-04-25 12:13:37', '0000-00-00 00:00:00'),
(22, 154, 10, 0, 600, 1, 1, '0000-00-00 00:00:00', '0000-00-00 00:00:00'),
(23, 156, 10, 0, 800, 1, 1, '0000-00-00 00:00:00', '0000-00-00 00:00:00'),
(24, 57, 11, 0, 100, 1, 1, '0000-00-00 00:00:00', '0000-00-00 00:00:00'),
(25, 158, 16, 0, 35, 1, 1, '2015-04-25 12:13:37', '0000-00-00 00:00:00'),
(26, 159, 17, 0, 35, 1, 1, '2015-04-25 12:13:37', '0000-00-00 00:00:00'),
(27, 163, 19, 0, 60, 1, 1, '2015-04-25 12:13:37', '0000-00-00 00:00:00'),
(28, 164, 21, 0, 65, 1, 1, '2015-04-25 12:13:37', '0000-00-00 00:00:00'),
(29, 166, 23, 0, 40, 1, 1, '2015-04-25 12:13:37', '0000-00-00 00:00:00'),
(30, 165, 13, 0, 65, 1, 1, '2015-04-25 12:13:37', '0000-00-00 00:00:00'),
(31, 168, 3, 0, 600, 1, 1, '2015-04-25 12:13:40', '0000-00-00 00:00:00'),
(32, 169, 2, 0, 780, 1, 1, '2015-04-25 12:13:40', '0000-00-00 00:00:00'),
(33, 170, 3, 0, 310, 1, 1, '2015-04-25 12:13:40', '0000-00-00 00:00:00'),
(34, 171, 6, 0, 450, 1, 1, '2015-04-25 12:13:40', '0000-00-00 00:00:00'),
(35, 172, 3, 0, 700, 1, 1, '2015-04-25 12:13:40', '0000-00-00 00:00:00'),
(36, 173, 3, 0, 80, 1, 1, '2015-04-25 12:13:40', '0000-00-00 00:00:00'),
(37, 174, 1, 0, 350, 1, 1, '2015-04-25 12:13:40', '0000-00-00 00:00:00'),
(38, 175, 3, 0, 350, 1, 1, '2015-04-25 12:13:40', '0000-00-00 00:00:00'),
(39, 176, 1, 0, 950, 1, 1, '2015-04-25 12:13:40', '0000-00-00 00:00:00'),
(40, 177, 1, 0, 2150, 1, 1, '2015-04-25 12:13:40', '0000-00-00 00:00:00'),
(41, 80, 18, 0, 450, 1, 2, '0000-00-00 00:00:00', '0000-00-00 00:00:00'),
(42, 167, 35, 0, 10, 1, 1, '2015-04-25 12:13:42', '0000-00-00 00:00:00'),
(43, 146, 5, 0, 550, 1, 1, '2015-04-25 12:13:44', '0000-00-00 00:00:00'),
(44, 147, 5, 0, 650, 1, 1, '2015-04-25 12:13:44', '0000-00-00 00:00:00'),
(45, 145, 24, 0, 950, 1, 1, '2015-04-25 12:13:46', '0000-00-00 00:00:00'),
(46, 141, 16, 0, 120, 1, 1, '2015-04-25 12:13:50', '0000-00-00 00:00:00'),
(47, 104, 5, 0, 290, 1, 1, '2015-04-25 12:13:50', '0000-00-00 00:00:00'),
(48, 143, 10, 0, 320, 1, 1, '2015-04-25 12:13:50', '0000-00-00 00:00:00'),
(49, 106, 10, 0, 350, 1, 1, '2015-04-25 12:13:50', '0000-00-00 00:00:00'),
(50, 107, 11, 0, 360, 1, 1, '2015-04-25 12:13:50', '0000-00-00 00:00:00'),
(51, 142, 11, 0, 250, 1, 1, '2015-04-25 12:13:50', '0000-00-00 00:00:00'),
(52, 109, 5, 0, 360, 1, 1, '2015-04-25 12:13:50', '0000-00-00 00:00:00'),
(53, 139, 3, 0, 2100, 1, 1, '2015-04-25 12:13:54', '0000-00-00 00:00:00'),
(54, 138, 4, 0, 2100, 1, 1, '0000-00-00 00:00:00', '0000-00-00 00:00:00'),
(55, 137, 2, 0, 2250, 1, 1, '0000-00-00 00:00:00', '0000-00-00 00:00:00'),
(56, 136, 4, 0, 2500, 1, 1, '0000-00-00 00:00:00', '0000-00-00 00:00:00'),
(57, 135, 10, 0, 480, 1, 1, '0000-00-00 00:00:00', '0000-00-00 00:00:00'),
(58, 134, 4, 0, 380, 1, 1, '0000-00-00 00:00:00', '0000-00-00 00:00:00'),
(59, 133, 4, 0, 380, 1, 1, '0000-00-00 00:00:00', '0000-00-00 00:00:00'),
(60, 132, 6, 0, 350, 1, 1, '0000-00-00 00:00:00', '0000-00-00 00:00:00'),
(61, 131, 6, 0, 300, 1, 1, '0000-00-00 00:00:00', '0000-00-00 00:00:00'),
(62, 130, 6, 0, 580, 1, 2, '0000-00-00 00:00:00', '0000-00-00 00:00:00'),
(63, 129, 4, 0, 750, 1, 2, '0000-00-00 00:00:00', '0000-00-00 00:00:00'),
(64, 128, 4, 0, 950, 1, 1, '0000-00-00 00:00:00', '0000-00-00 00:00:00'),
(65, 13, 12, 0, 175, 1, 1, '2015-04-25 12:14:02', '0000-00-00 00:00:00'),
(66, 127, 8, 0, 200, 1, 1, '2015-04-25 12:14:02', '0000-00-00 00:00:00'),
(67, 124, 50, 0, 25, 1, 1, '0000-00-00 00:00:00', '0000-00-00 00:00:00'),
(68, 125, 48, 0, 10, 1, 1, '2015-04-25 12:14:02', '0000-00-00 00:00:00'),
(69, 45, 16, 0, 170, 1, 1, '2015-04-25 12:14:04', '0000-00-00 00:00:00'),
(70, 46, 10, 0, 330, 1, 1, '2015-04-25 12:14:04', '0000-00-00 00:00:00'),
(71, 21, 19, 0, 140, 1, 1, '2015-04-25 12:14:04', '0000-00-00 00:00:00'),
(72, 22, 18, 0, 275, 1, 1, '2015-04-25 12:14:04', '0000-00-00 00:00:00'),
(73, 12, 5, 0, 330, 1, 1, '2015-04-25 12:14:04', '0000-00-00 00:00:00'),
(74, 54, 10, 0, 170, 1, 1, '2015-04-25 12:14:04', '0000-00-00 00:00:00'),
(75, 61, 43, 0, 180, 1, 1, '2015-04-25 12:14:06', '0000-00-00 00:00:00'),
(76, 62, 21, 0, 360, 1, 1, '2015-04-25 12:14:06', '0000-00-00 00:00:00'),
(77, 47, 9, 0, 80, 1, 1, '2015-04-25 12:14:06', '0000-00-00 00:00:00'),
(78, 50, 5, 0, 155, 1, 1, '2015-04-25 12:14:06', '0000-00-00 00:00:00'),
(79, 27, 20, 0, 60, 1, 1, '2015-04-25 12:14:06', '0000-00-00 00:00:00'),
(80, 28, 11, 0, 110, 1, 1, '2015-04-25 12:14:06', '0000-00-00 00:00:00'),
(81, 29, 20, 0, 60, 1, 1, '2015-04-25 12:14:06', '0000-00-00 00:00:00'),
(82, 44, 12, 0, 110, 1, 1, '2015-04-25 12:14:06', '0000-00-00 00:00:00'),
(83, 18, 17, 0, 130, 1, 1, '2015-04-25 12:14:06', '0000-00-00 00:00:00'),
(84, 19, 11, 0, 255, 1, 1, '2015-04-25 12:14:06', '0000-00-00 00:00:00'),
(85, 24, 19, 0, 130, 1, 1, '2015-04-25 12:14:06', '0000-00-00 00:00:00'),
(86, 25, 16, 0, 255, 1, 1, '2015-04-25 12:14:06', '0000-00-00 00:00:00'),
(87, 48, 11, 0, 80, 1, 1, '2015-04-25 12:14:06', '0000-00-00 00:00:00'),
(88, 53, 5, 0, 155, 1, 1, '2015-04-25 12:14:06', '0000-00-00 00:00:00'),
(89, 59, 20, 0, 35, 1, 1, '2015-04-25 12:14:06', '0000-00-00 00:00:00'),
(90, 60, 12, 0, 65, 1, 1, '2015-04-25 12:14:06', '0000-00-00 00:00:00'),
(91, 63, 6, 0, 680, 1, 1, '2015-04-25 12:14:06', '0000-00-00 00:00:00'),
(92, 122, 3, 0, 1050, 1, 1, '2015-04-25 12:14:08', '0000-00-00 00:00:00'),
(93, 121, 5, 0, 280, 1, 1, '2015-04-25 12:14:08', '0000-00-00 00:00:00'),
(94, 114, 5, 0, 850, 1, 1, '2015-04-25 12:14:10', '0000-00-00 00:00:00'),
(95, 115, 5, 0, 850, 1, 1, '2015-04-25 12:14:10', '0000-00-00 00:00:00'),
(96, 116, 5, 0, 850, 1, 1, '2015-04-25 12:14:10', '0000-00-00 00:00:00'),
(97, 117, 5, 0, 850, 1, 1, '2015-04-25 12:14:10', '0000-00-00 00:00:00'),
(98, 118, 5, 0, 480, 1, 1, '2015-04-25 12:14:10', '0000-00-00 00:00:00'),
(99, 119, 5, 0, 250, 1, 1, '2015-04-25 12:14:10', '0000-00-00 00:00:00'),
(100, 9, 11, 0, 145, 1, 1, '2015-04-25 12:14:12', '0000-00-00 00:00:00'),
(101, 16, 3, 0, 200, 1, 1, '2015-04-25 12:14:12', '0000-00-00 00:00:00'),
(102, 17, 6, 0, 200, 1, 1, '2015-04-25 12:14:12', '0000-00-00 00:00:00'),
(103, 112, 9, 0, 260, 1, 1, '2015-04-25 12:14:12', '0000-00-00 00:00:00'),
(104, 3, 11, 0, 130, 1, 1, '2015-04-25 12:14:12', '0000-00-00 00:00:00'),
(105, 113, 7, 0, 70, 1, 1, '2015-04-25 12:14:12', '0000-00-00 00:00:00'),
(106, 5, 49, 0, 105, 1, 1, '0000-00-00 00:00:00', '0000-00-00 00:00:00'),
(107, 4, 49, 0, 45, 1, 1, '2015-04-25 12:14:14', '0000-00-00 00:00:00'),
(108, 7, 46, 0, 120, 1, 1, '2015-04-25 12:14:14', '0000-00-00 00:00:00'),
(109, 6, 27, 0, 53, 1, 1, '2015-04-25 12:14:14', '0000-00-00 00:00:00'),
(110, 15, 12, 0, 85, 1, 1, '2015-04-25 12:14:14', '0000-00-00 00:00:00'),
(111, 8, 29, 0, 66, 1, 1, '2015-04-25 12:14:14', '0000-00-00 00:00:00'),
(112, 1, 25, 0, 25, 1, 1, '2015-04-25 12:14:16', '0000-00-00 00:00:00'),
(113, 2, 49, 0, 60, 1, 1, '2015-04-25 12:14:16', '0000-00-00 00:00:00'),
(114, 84, 6, 0, 90, 1, 1, '2015-04-25 12:14:18', '0000-00-00 00:00:00'),
(115, 56, 2, 0, 380, 1, 1, '2015-04-25 12:14:18', '0000-00-00 00:00:00'),
(116, 89, 1, 0, 95, 1, 1, '2015-04-25 12:14:18', '0000-00-00 00:00:00'),
(117, 87, 8, 0, 50, 1, 1, '2015-04-25 12:14:18', '0000-00-00 00:00:00'),
(118, 88, 9, 0, 50, 1, 1, '2015-04-25 12:14:18', '0000-00-00 00:00:00'),
(119, 72, 16, 0, 195, 1, 1, '2015-04-25 12:14:20', '0000-00-00 00:00:00'),
(120, 67, 2, 0, 400, 1, 1, '2015-04-25 12:14:20', '0000-00-00 00:00:00'),
(121, 66, 2, 0, 430, 1, 1, '2015-04-25 12:14:20', '0000-00-00 00:00:00'),
(122, 99, 3, 0, 130, 1, 1, '2015-04-25 12:14:20', '0000-00-00 00:00:00'),
(123, 74, 2, 0, 190, 1, 1, '2015-04-25 12:14:20', '0000-00-00 00:00:00'),
(124, 102, 2, 0, 170, 1, 1, '2015-04-25 12:14:20', '0000-00-00 00:00:00'),
(125, 75, 171, 0, 5, 1, 1, '2015-04-25 12:14:20', '0000-00-00 00:00:00'),
(126, 55, 18, 0, 65, 1, 1, '2015-04-25 12:14:20', '0000-00-00 00:00:00'),
(127, 49, 10, 0, 100, 1, 1, '2015-04-25 12:14:20', '0000-00-00 00:00:00'),
(128, 51, 5, 0, 100, 1, 1, '2015-04-25 12:14:20', '0000-00-00 00:00:00'),
(129, 68, 3, 0, 160, 1, 1, '2015-04-25 12:14:20', '0000-00-00 00:00:00'),
(130, 85, 0, 0, 60, 1, 1, '2015-04-25 12:14:20', '0000-00-00 00:00:00'),
(131, 100, 9, 0, 290, 1, 2, '0000-00-00 00:00:00', '0000-00-00 00:00:00'),
(132, 73, 3, 0, 430, 1, 1, '2015-04-25 12:14:22', '0000-00-00 00:00:00'),
(133, 82, 65, 0, 20, 1, 1, '2015-04-25 12:14:22', '0000-00-00 00:00:00'),
(134, 83, 47, 0, 25, 1, 1, '2015-04-25 12:14:22', '0000-00-00 00:00:00'),
(135, 81, 21, 0, 50, 1, 1, '2015-04-25 12:14:22', '0000-00-00 00:00:00'),
(136, 77, 1, 0, 170, 1, 1, '2015-04-25 12:14:22', '0000-00-00 00:00:00'),
(137, 78, 3, 0, 310, 1, 1, '2015-04-25 12:14:22', '0000-00-00 00:00:00'),
(138, 98, 6, 0, 395, 1, 1, '2015-04-25 12:14:22', '0000-00-00 00:00:00'),
(139, 97, 11, 0, 280, 1, 1, '2015-04-25 12:14:22', '0000-00-00 00:00:00'),
(140, 96, 0, 0, 25, 1, 1, '2015-04-25 12:14:22', '0000-00-00 00:00:00'),
(141, 79, 45, 0, 50, 1, 1, '2015-04-25 12:14:22', '0000-00-00 00:00:00'),
(142, 76, 20, 0, 10, 1, 1, '2015-04-25 12:14:22', '0000-00-00 00:00:00'),
(143, 64, 6, 0, 1000, 1, 1, '2015-04-25 12:14:24', '0000-00-00 00:00:00'),
(144, 65, 9, 0, 550, 1, 1, '2015-04-25 12:14:24', '0000-00-00 00:00:00'),
(145, 91, 3, 0, 395, 1, 1, '2015-04-25 12:14:24', '0000-00-00 00:00:00'),
(146, 101, 2, 0, 170, 1, 1, '2015-04-25 12:14:24', '0000-00-00 00:00:00'),
(147, 90, 6, 0, 220, 1, 1, '2015-04-25 12:14:24', '0000-00-00 00:00:00'),
(148, 43, 11, 0, 160, 1, 1, '2015-04-25 12:14:29', '0000-00-00 00:00:00'),
(149, 94, 54, 0, 39, 1, 1, '2015-04-25 12:14:29', '0000-00-00 00:00:00'),
(150, 92, 94, 0, 70, 1, 1, '2015-04-25 12:14:29', '0000-00-00 00:00:00'),
(151, 93, 38, 0, 34, 1, 1, '2015-04-25 12:14:29', '0000-00-00 00:00:00'),
(152, 95, 5, 0, 200, 1, 1, '2015-04-25 12:14:29', '0000-00-00 00:00:00'),
(153, 30, 5, 0, 820, 1, 1, '2015-04-25 12:14:32', '0000-00-00 00:00:00'),
(154, 31, 5, 0, 640, 1, 1, '2015-04-25 12:14:32', '0000-00-00 00:00:00'),
(155, 32, 5, 0, 290, 1, 1, '2015-04-25 12:14:32', '0000-00-00 00:00:00'),
(156, 33, 5, 0, 325, 1, 1, '2015-04-25 12:14:32', '0000-00-00 00:00:00'),
(157, 34, 5, 0, 525, 1, 1, '2015-04-25 12:14:32', '0000-00-00 00:00:00'),
(158, 35, 5, 0, 525, 1, 1, '2015-04-25 12:14:32', '0000-00-00 00:00:00'),
(159, 36, 5, 0, 590, 1, 1, '2015-04-25 12:14:32', '0000-00-00 00:00:00'),
(160, 37, 4, 0, 535, 1, 1, '2015-04-25 12:14:32', '0000-00-00 00:00:00'),
(161, 38, 5, 0, 310, 1, 1, '2015-04-25 12:14:32', '0000-00-00 00:00:00'),
(162, 39, 5, 0, 1550, 1, 1, '2015-04-25 12:14:32', '0000-00-00 00:00:00'),
(163, 40, 4, 0, 820, 1, 1, '2015-04-25 12:14:32', '0000-00-00 00:00:00'),
(164, 41, 8, 0, 249, 1, 1, '2015-04-25 12:14:32', '0000-00-00 00:00:00'),
(165, 42, 2, 0, 2400, 1, 1, '2015-04-25 12:14:32', '0000-00-00 00:00:00'),
(166, 191, 8, 0, 850, 1, 1, '2015-04-26 04:21:50', '0000-00-00 00:00:00'),
(167, 157, 10, 0, 680, 1, 1, '0000-00-00 00:00:00', '0000-00-00 00:00:00'),
(168, 58, 10, 0, 100, 1, 1, '2015-04-27 10:28:32', '0000-00-00 00:00:00'),
(169, 10, 30, 0, 130, 1, 1, '2015-04-29 04:41:29', '0000-00-00 00:00:00'),
(170, 189, 5, 0, 200, 1, 1, '2015-04-29 04:41:29', '0000-00-00 00:00:00'),
(171, 126, 44, 0, 15, 1, 1, '2015-04-29 04:41:29', '0000-00-00 00:00:00'),
(172, 123, 50, 0, 30, 1, 1, '2015-04-30 07:49:13', '0000-00-00 00:00:00');

-- --------------------------------------------------------

--
-- Table structure for table `item`
--

CREATE TABLE IF NOT EXISTS `item` (
  `id` int(11) NOT NULL AUTO_INCREMENT,
  `item_name` varchar(200) NOT NULL,
  `item_code` varchar(50) NOT NULL,
  `mrp` int(11) NOT NULL,
  `purchace_rate` int(11) NOT NULL,
  `tax_category_id` int(11) NOT NULL,
  `created_at` timestamp NOT NULL DEFAULT CURRENT_TIMESTAMP,
  `last_edited` timestamp NOT NULL DEFAULT '0000-00-00 00:00:00',
  PRIMARY KEY (`id`),
  KEY `tax_category_id` (`tax_category_id`)
) ENGINE=InnoDB  DEFAULT CHARSET=latin1 AUTO_INCREMENT=193 ;

--
-- Dumping data for table `item`
--

INSERT INTO `item` (`id`, `item_name`, `item_code`, `mrp`, `purchace_rate`, `tax_category_id`, `created_at`, `last_edited`) VALUES
(1, 'WETDATES 200g WONDER', '0001', 25, 20, 1, '2015-04-20 07:51:43', '0000-00-00 00:00:00'),
(2, 'WETDATES 500g WONDER', '0002', 65, 38, 1, '2015-04-20 07:59:40', '0000-00-00 00:00:00'),
(3, 'WETDATES 1kg WONDER', '0003', 130, 82, 1, '2015-04-20 11:32:07', '0000-00-00 00:00:00'),
(4, 'WEDATES 160gm OMAN', '0004', 45, 29, 1, '2015-04-20 11:33:25', '0000-00-00 00:00:00'),
(5, 'WETDATES 400gm OMAN', '0005', 105, 164, 1, '2015-04-20 11:34:48', '0000-00-00 00:00:00'),
(6, 'WETDATES 160gm SP', '0007', 53, 33, 1, '2015-04-20 11:40:43', '0000-00-00 00:00:00'),
(7, 'WETDATES 400gm SP', '0008', 120, 75, 1, '2015-04-20 11:42:41', '0000-00-00 00:00:00'),
(8, 'WETDATES 200gm SP', '0009', 66, 41, 1, '2015-04-20 11:50:28', '0000-00-00 00:00:00'),
(9, 'WETDATES 500m SP', '0010', 145, 91, 1, '2015-04-20 11:52:27', '0000-00-00 00:00:00'),
(10, 'WETDATES 400gm OMAN PLATE', '0011', 130, 81, 1, '2015-04-20 11:53:22', '0000-00-00 00:00:00'),
(11, 'WETDATES 350gm OMAN SEEDLESS', '0012', 130, 81, 1, '2015-04-20 11:54:44', '0000-00-00 00:00:00'),
(12, 'DRYFRUITS  200gm WALLNUT', '0037', 330, 226, 2, '2015-04-22 04:17:34', '0000-00-00 00:00:00'),
(13, 'DRYFRUITS 200gm ALUCHI', '0038', 175, 109, 1, '2015-04-22 04:33:17', '0000-00-00 00:00:00'),
(14, 'WETDATES 500gm WONDER PLATE', '0013', 75, 47, 1, '2015-04-22 05:55:33', '0000-00-00 00:00:00'),
(15, 'WETDATES 400gm Seedles', '0014', 85, 53, 1, '2015-04-22 05:58:39', '0000-00-00 00:00:00'),
(16, 'WETDATES 300gm OMAN CASHEW', '0015', 200, 126, 1, '2015-04-22 06:02:33', '0000-00-00 00:00:00'),
(17, 'WETDATES 300gm OMAN  BADAM', '0016', 200, 126, 1, '2015-04-22 06:03:39', '0000-00-00 00:00:00'),
(18, 'DRYFRUITS 100gm CASHEW', '0017', 130, 82, 1, '2015-04-22 06:04:57', '0000-00-00 00:00:00'),
(19, 'DRYFRUITS 200gm CASHEW', '0018', 255, 160, 1, '2015-04-22 06:06:01', '0000-00-00 00:00:00'),
(20, 'DRYFRUITS 500gm CASHEW', '0019', 575, 362, 1, '2015-04-22 06:12:19', '0000-00-00 00:00:00'),
(21, 'DRYFRUITS 100gm BADAM', '0020', 140, 96, 2, '2015-04-22 06:25:55', '0000-00-00 00:00:00'),
(22, 'DRYFRUITS 200gm BADAM', '0021', 275, 188, 2, '2015-04-22 06:29:02', '0000-00-00 00:00:00'),
(23, 'DRYFRUITS 500gm BADAM', '0022', 620, 426, 2, '2015-04-22 06:36:43', '0000-00-00 00:00:00'),
(24, 'DRYFRUITS 100gm ROASTED', '0023', 130, 82, 1, '2015-04-22 06:39:03', '0000-00-00 00:00:00'),
(25, 'DRYFRUTS 200gm ROASTED', '0024', 255, 160, 1, '2015-04-22 06:40:32', '0000-00-00 00:00:00'),
(26, 'DRYFRUITS 500gm CASHEW', '0025', 575, 362, 1, '2015-04-22 06:41:31', '0000-00-00 00:00:00'),
(27, 'DRYFRUIT 100 gm BLACK KISMISS', '0026', 60, 38, 1, '2015-04-22 06:42:52', '0000-00-00 00:00:00'),
(28, 'DRYFRUITS 200gm BLACK KISMISS', '0027', 110, 69, 1, '2015-04-22 06:44:40', '0000-00-00 00:00:00'),
(29, 'DRYFRUIT 100gm YELLOW KISMISS', '0028', 60, 38, 1, '2015-04-22 06:48:00', '0000-00-00 00:00:00'),
(30, 'WETDATES SABAKA 1 KG', '0047', 820, 605, 1, '2015-04-22 06:50:37', '0000-00-00 00:00:00'),
(31, 'WETDATES MUNEEFI 1KG', '0048', 640, 475, 1, '2015-04-22 06:51:16', '0000-00-00 00:00:00'),
(32, 'WETDATES LUBAN LOOSE 1KG', '0049', 290, 214, 1, '2015-04-22 06:52:56', '0000-00-00 00:00:00'),
(33, 'WETDATES CEESHY 1KG', '0050', 325, 240, 1, '2015-04-22 06:53:37', '0000-00-00 00:00:00'),
(34, 'WETDATES SUKKRY ROTHAB 1KG', '0051', 525, 384, 1, '2015-04-22 06:54:29', '0000-00-00 00:00:00'),
(35, 'WETDATES SUKRY DRY 1KG', '0052', 525, 384, 1, '2015-04-22 06:55:12', '0000-00-00 00:00:00'),
(36, 'WETDATES MASHROOQUE 1KG', '0053', 590, 434, 1, '2015-04-22 06:55:41', '0000-00-00 00:00:00'),
(37, 'WETDATES KUDHRI 1KG', '0054', 535, 396, 1, '2015-04-22 06:56:23', '0000-00-00 00:00:00'),
(38, 'WETDATES SAFAWI 1KG', '0055', 310, 225, 1, '2015-04-22 06:56:58', '0000-00-00 00:00:00'),
(39, 'WETDATES MAJDHOOL 1KG', '0056', 1550, 1186, 1, '2015-04-22 06:57:24', '0000-00-00 00:00:00'),
(40, 'WETDATES NABUSULTHAN 1KG', '0057', 820, 605, 1, '2015-04-22 06:58:06', '0000-00-00 00:00:00'),
(41, 'WETDATES AJWA PKT', '0058', 249, 192, 1, '2015-04-22 06:58:30', '0000-00-00 00:00:00'),
(42, 'WETDATES AJWA 1KG', '0059', 2400, 1932, 1, '2015-04-22 06:59:04', '0000-00-00 00:00:00'),
(43, 'PICKLE OLIVE 450gm', '0080', 160, 114, 1, '2015-04-22 07:08:09', '0000-00-00 00:00:00'),
(44, 'DRYFRUITS 200gm YELLOW KISMISS', '0029', 110, 69, 1, '2015-04-22 07:13:12', '0000-00-00 00:00:00'),
(45, 'DRYFRUITS  100gm PISTA', '0030', 170, 117, 2, '2015-04-22 07:15:56', '0000-00-00 00:00:00'),
(46, 'DRYFRUIT 200gm PISTA', '0031', 330, 227, 2, '2015-04-22 07:23:49', '0000-00-00 00:00:00'),
(47, 'DRYFRUITS 100gm FIG', '0032', 80, 50, 1, '2015-04-22 07:36:23', '0000-00-00 00:00:00'),
(48, 'DRYFRUIT 100gm APRICOT', '0034', 80, 50, 1, '2015-04-22 07:37:38', '0000-00-00 00:00:00'),
(49, 'CHOCOLATE VOLUME 80gm', '0081', 100, 89, 2, '2015-04-22 07:40:53', '0000-00-00 00:00:00'),
(50, 'DRYFRUIT  200gm FIG', '0033', 155, 69, 1, '2015-04-22 07:47:52', '0000-00-00 00:00:00'),
(51, 'CHOCOLATE VOLUME ALMOND 80 gm', '0082', 100, 89, 2, '2015-04-22 07:49:14', '0000-00-00 00:00:00'),
(52, 'DRYFRUT  100gm APRICOT', '0034', 80, 50, 1, '2015-04-22 07:49:58', '0000-00-00 00:00:00'),
(53, 'DRYFRUIT 200gm APRICOT', '0035', 155, 69, 1, '2015-04-22 07:50:48', '0000-00-00 00:00:00'),
(54, 'DRYFRUIT 100gm WALLNUT', '0036', 170, 117, 2, '2015-04-22 07:51:38', '0000-00-00 00:00:00'),
(55, 'CHOCOLATE VOLUME 49gm', '0083', 65, 46, 2, '2015-04-22 07:52:58', '0000-00-00 00:00:00'),
(56, 'BISCUIT 400gm ASSORTED', '0084', 380, 304, 1, '2015-04-22 09:25:51', '0000-00-00 00:00:00'),
(57, 'DRYFRUIT KIWI 100gm', '0039', 100, 63, 1, '2015-04-22 09:29:41', '0000-00-00 00:00:00'),
(58, 'DRYFRUIT PRUNES 100gm', '0039', 100, 63, 1, '2015-04-22 09:31:06', '0000-00-00 00:00:00'),
(59, 'GLAZED KARONDA 100gm CHERRY', '0042', 35, 22, 1, '2015-04-22 09:38:00', '0000-00-00 00:00:00'),
(60, 'GLAZED KARONDA 200gm CHERRY', '0043', 65, 41, 1, '2015-04-22 09:39:27', '0000-00-00 00:00:00'),
(61, 'DRYFRUITMIX 200gm', '0044', 180, 113, 1, '2015-04-22 09:40:30', '0000-00-00 00:00:00'),
(62, 'DRYFRUIT MIX 400gm', '0046', 360, 227, 1, '2015-04-22 09:42:50', '0000-00-00 00:00:00'),
(63, 'DRYFRUIT 750 MIX', '0046', 680, 428, 1, '2015-04-22 09:49:01', '0000-00-00 00:00:00'),
(64, 'NIDO 900gm', '0085', 1000, 870, 2, '2015-04-23 04:51:25', '0000-00-00 00:00:00'),
(65, 'NIDO 400gm', '0086', 550, 452, 2, '2015-04-23 04:51:52', '0000-00-00 00:00:00'),
(66, 'TANG MANGO', '0087', 430, 389, 2, '2015-04-23 04:52:18', '0000-00-00 00:00:00'),
(67, 'TANG ORANGE', '0088', 400, 355, 2, '2015-04-23 04:52:53', '0000-00-00 00:00:00'),
(68, 'VINEGAR AMERICAN 473ML', '0089', 160, 131, 2, '2015-04-23 04:53:28', '0000-00-00 00:00:00'),
(69, 'DAVIDOFF COFFEE', '0090', 490, 435, 2, '2015-04-23 04:55:09', '0000-00-00 00:00:00'),
(72, 'PRINGLES POTATO CRISPS', '0091', 195, 160, 2, '2015-04-23 04:55:49', '0000-00-00 00:00:00'),
(73, 'NESCAFE GOLD 100gm', '0092', 430, 378, 2, '2015-04-23 04:56:12', '0000-00-00 00:00:00'),
(74, 'NESCAFE GOLD 50gm', '0093', 190, 158, 2, '2015-04-23 04:56:38', '0000-00-00 00:00:00'),
(75, 'BLOX CHUINGAM', '0094', 5, 4, 2, '2015-04-23 04:57:03', '0000-00-00 00:00:00'),
(76, 'FRESH DENTO 0095', '0095', 10, 14, 2, '2015-04-23 04:57:26', '0000-00-00 00:00:00'),
(77, 'PIKNIK WAFFERS SMALL', '0096', 170, 132, 2, '2015-04-23 04:59:12', '0000-00-00 00:00:00'),
(78, 'PIKNIK WAFFERS BIG', '0097', 310, 263, 2, '2015-04-23 04:59:37', '0000-00-00 00:00:00'),
(79, 'CHOCOLATE BOUNTY', '0098', 50, 38, 2, '2015-04-23 05:00:15', '0000-00-00 00:00:00'),
(80, 'CHOCOLATE LOOSE 1KG', '0100', 450, 332, 2, '2015-04-23 05:05:16', '0000-00-00 00:00:00'),
(81, 'CHOCOLATE MARS', '0101', 50, 37, 2, '2015-04-23 05:06:22', '0000-00-00 00:00:00'),
(82, 'MAGGI CHICKEN CUBE', '0102', 20, 13, 2, '2015-04-23 05:06:43', '0000-00-00 00:00:00'),
(83, 'MAGGI BEAF CUBE', '0103', 25, 16, 2, '2015-04-23 05:07:00', '0000-00-00 00:00:00'),
(84, 'AMERICAN DRINK', '0104', 90, 74, 2, '2015-04-23 05:07:23', '0000-00-00 00:00:00'),
(85, 'GLINTER SOFT DRINK', '0105', 60, 52, 2, '2015-04-23 05:07:50', '0000-00-00 00:00:00'),
(87, 'GRAPE JUICE TIN', '0106', 50, 36, 2, '2015-04-23 05:12:11', '0000-00-00 00:00:00'),
(88, 'ORANGE JUICE TIN', '0107', 50, 36, 2, '2015-04-23 05:13:00', '0000-00-00 00:00:00'),
(89, 'MAYONAISE SMALL', '0108', 95, 75, 2, '2015-04-23 05:13:43', '0000-00-00 00:00:00'),
(90, 'MAYONAISE ALFA BIG', '0109', 220, 170, 2, '2015-04-23 05:14:19', '0000-00-00 00:00:00'),
(91, 'MAYONAISE AMERICA', '0114', 395, 366, 2, '2015-04-23 05:14:40', '0000-00-00 00:00:00'),
(92, 'CHOCLATE TOBLERONE', '0110', 70, 55, 2, '2015-04-23 05:14:59', '0000-00-00 00:00:00'),
(93, 'CHOCOLATE SNICKERS', '0111', 34, 29, 2, '2015-04-23 05:15:19', '0000-00-00 00:00:00'),
(94, 'CHOCOLATE GALAXY', '0112', 39, 36, 2, '2015-04-23 05:15:34', '0000-00-00 00:00:00'),
(95, 'OATS QAKER 500gm', '0113', 200, 181, 2, '2015-04-23 05:16:05', '0000-00-00 00:00:00'),
(96, 'PUDDING', '0115', 25, 19, 2, '2015-04-23 05:16:16', '0000-00-00 00:00:00'),
(97, 'WINE ROYALITY', '0116', 280, 220, 2, '2015-04-23 05:16:33', '0000-00-00 00:00:00'),
(98, 'WINE J&W', '0117', 400, 360, 2, '2015-04-23 05:16:55', '0000-00-00 00:00:00'),
(99, 'LIPTON TEA BAG', '0118', 130, 115, 2, '2015-04-23 05:17:33', '0000-00-00 00:00:00'),
(100, 'COFFEE MATE', '0119', 290, 230, 2, '2015-04-23 05:17:47', '0000-00-00 00:00:00'),
(101, 'PEANUT BUTTER', '0120', 170, 138, 2, '2015-04-23 05:18:00', '0000-00-00 00:00:00'),
(102, 'FOXS FRUITS', '0099', 170, 143, 2, '2015-04-23 05:56:07', '0000-00-00 00:00:00'),
(104, 'WETDATES PEARL 1KG', '0122', 290, 199, 1, '2015-04-23 07:32:28', '0000-00-00 00:00:00'),
(105, 'WETDATES SAFABI 1KG', '0123', 320, 225, 1, '2015-04-23 07:32:52', '0000-00-00 00:00:00'),
(106, 'WETDATES ALBENA 1KG', '0124', 350, 252, 1, '2015-04-23 07:33:15', '0000-00-00 00:00:00'),
(107, 'WETDATES ROYAL PALM 1KG', '0125', 360, 252, 1, '2015-04-23 07:33:37', '0000-00-00 00:00:00'),
(109, 'WETDATES BIG ALWA 1KG', '0127', 360, 220, 1, '2015-04-23 07:34:46', '0000-00-00 00:00:00'),
(112, 'WETDATES 1KG OMAN', '0128', 260, 163, 1, '2015-04-24 06:05:19', '0000-00-00 00:00:00'),
(113, 'WETDATES PICKLE 400gm', '0129', 70, 44, 1, '2015-04-24 06:09:29', '0000-00-00 00:00:00'),
(114, 'DRIED MANGO 1kg', '0138', 850, 599, 1, '2015-04-24 06:34:46', '0000-00-00 00:00:00'),
(115, 'DRIED PINEAPPLE 1KG', '0137', 850, 599, 1, '2015-04-24 06:35:24', '0000-00-00 00:00:00'),
(116, 'DRIED MOOSAMBI 1KG', '0130', 850, 599, 1, '2015-04-24 06:35:43', '0000-00-00 00:00:00'),
(117, 'DRIED PAPPAYA 1KG', '0131', 850, 599, 1, '2015-04-24 06:36:12', '0000-00-00 00:00:00'),
(118, 'DRIED GINGER 1KG', '0132', 480, 347, 1, '2015-04-24 06:36:31', '0000-00-00 00:00:00'),
(119, 'DRIED AMLA 1KG', '0133', 250, 189, 1, '2015-04-24 06:37:09', '0000-00-00 00:00:00'),
(120, 'MIXED FRUITT 1KG', '0134', 850, 599, 1, '2015-04-24 06:37:42', '0000-00-00 00:00:00'),
(121, 'EMLY 1KG', '0135', 280, 189, 1, '2015-04-24 06:38:10', '0000-00-00 00:00:00'),
(122, 'DRIED APPLE 1KG', '0136', 1050, 798, 1, '2015-04-24 06:38:39', '0000-00-00 00:00:00'),
(123, 'SPICES CARDAMON 10GM', '0139', 30, 19, 1, '2015-04-24 07:30:09', '0000-00-00 00:00:00'),
(124, 'SPICES CLOVES 10GM', '0140', 25, 16, 1, '2015-04-24 07:30:36', '0000-00-00 00:00:00'),
(125, 'SPICES CINAMMON 10GM', '0141', 10, 6, 1, '2015-04-24 07:31:04', '0000-00-00 00:00:00'),
(126, 'INSTANT YEAST 12GM', '0142', 15, 9, 1, '2015-04-24 07:31:56', '0000-00-00 00:00:00'),
(127, 'DRYFRUIT 200GM SKIN CASHEW', '0041', 200, 126, 1, '2015-04-24 08:34:29', '0000-00-00 00:00:00'),
(128, 'DRIED PLUMS 1kg', '0153', 950, 808, 1, '2015-04-24 08:50:42', '0000-00-00 00:00:00'),
(129, 'STONE CHOCOLATE', '0152', 750, 601, 2, '2015-04-24 08:51:14', '0000-00-00 00:00:00'),
(130, 'ALMOND CANDY UAE', '0151', 580, 481, 2, '2015-04-24 08:51:54', '0000-00-00 00:00:00'),
(131, 'AMLA HONEY(W) 1kg', '0150', 300, 299, 1, '2015-04-24 08:52:24', '0000-00-00 00:00:00'),
(132, 'AMLA HONEY 1kg', '0149', 350, 299, 1, '2015-04-24 08:52:36', '0000-00-00 00:00:00'),
(133, 'LYCHE1kg', '0148', 380, 294, 1, '2015-04-24 08:52:48', '0000-00-00 00:00:00'),
(134, 'MANGO CANDY CHUNK', '0147', 380, 294, 1, '2015-04-24 08:53:08', '0000-00-00 00:00:00'),
(135, 'DRIED MILK PEDA', '0146', 480, 378, 1, '2015-04-24 08:56:30', '0000-00-00 00:00:00'),
(136, 'MACADAMIA NUTS 1KG', '0145', 2500, 2084, 1, '2015-04-24 08:57:04', '0000-00-00 00:00:00'),
(137, 'BRAZIL  NUT 1KG ', '0144', 2250, 1911, 1, '2015-04-24 08:58:45', '0000-00-00 00:00:00'),
(138, 'PECAN NUTS 1KG', '0143', 2100, 1785, 1, '2015-04-24 08:59:05', '0000-00-00 00:00:00'),
(139, 'DRYFRUIT HAZAL NUT 1KG', '0154', 2100, 1680, 1, '2015-04-24 09:57:43', '0000-00-00 00:00:00'),
(140, 'JEERA SWEATS', '0155', 10, 7, 2, '2015-04-24 10:00:24', '0000-00-00 00:00:00'),
(141, 'WETDATES ZABEEL 500GM', '0121', 120, 68, 1, '2015-04-25 04:40:39', '0000-00-00 00:00:00'),
(142, 'WETDATES KING TOMOUR 500GM', '0126', 250, 168, 1, '2015-04-25 04:41:41', '0000-00-00 00:00:00'),
(143, 'WETDATES SAFWAN 1KG', '0123', 320, 225, 1, '2015-04-25 04:50:33', '0000-00-00 00:00:00'),
(145, 'DRYFRUIT FLAVOURED ROASTED CASHEW 1KG', '0156', 950, 709, 1, '2015-04-25 07:12:23', '0000-00-00 00:00:00'),
(146, 'DRYFRUIT WALLNUT WITH SHELL 1kg', '0157', 550, 401, 2, '2015-04-25 07:19:47', '0000-00-00 00:00:00'),
(147, 'DRYFRUIT SKIN CASHEW 1KG', '0158', 650, 525, 1, '2015-04-25 07:20:13', '0000-00-00 00:00:00'),
(148, 'DRYFRUIT BADAM 1KG', '0168', 1200, 962, 2, '2015-04-25 09:09:03', '0000-00-00 00:00:00'),
(149, 'DRYFRUIT CASHEW 1KG', '0169', 720, 562, 2, '2015-04-25 09:09:31', '0000-00-00 00:00:00'),
(150, 'DRYFRUIT PISTA 1KG', '0170', 1200, 820, 2, '2015-04-25 09:09:52', '0000-00-00 00:00:00'),
(151, 'DRYFRUIT BLACK KISMISS 1KG', '0171', 400, 305, 1, '2015-04-25 09:10:29', '0000-00-00 00:00:00'),
(152, 'DRYFRUIT YELLOW KISMISS 1KG', '0172', 400, 305, 1, '2015-04-25 09:10:56', '0000-00-00 00:00:00'),
(153, 'DRYFRUIT WALLNUT 1KG', '0173', 1400, 1145, 2, '2015-04-25 09:11:18', '0000-00-00 00:00:00'),
(154, 'DRYFRUIT APRICOT 1KG', '0174', 600, 472, 1, '2015-04-25 09:13:41', '0000-00-00 00:00:00'),
(155, 'DRYFRUIT FIGS 1KG', '0175', 600, 473, 1, '2015-04-25 09:14:23', '0000-00-00 00:00:00'),
(156, 'DRYFRUIT ROASTED CASHEW 1KG', '0176', 800, 604, 1, '2015-04-25 09:16:35', '0000-00-00 00:00:00'),
(157, 'DRY FRUIT KIWI 1KG', '0177', 680, 525, 1, '2015-04-25 09:17:35', '0000-00-00 00:00:00'),
(158, 'MANGO PICKLE 400GM', '0178', 35, 22, 1, '2015-04-25 09:19:10', '0000-00-00 00:00:00'),
(159, 'LIME PICKLE 400GM', '0179', 35, 24, 1, '2015-04-25 09:19:53', '0000-00-00 00:00:00'),
(160, 'LIME PICKLE 400GM', '0179', 35, 24, 1, '2015-04-25 09:19:53', '0000-00-00 00:00:00'),
(161, 'LIME PICKLE 400GM', '0179', 35, 24, 1, '2015-04-25 09:19:53', '0000-00-00 00:00:00'),
(162, 'LIME PICKLE 400GM', '0179', 35, 24, 1, '2015-04-25 09:19:53', '0000-00-00 00:00:00'),
(163, 'GARLIC PICKLE 400GM', '0180', 60, 41, 1, '2015-04-25 09:20:25', '0000-00-00 00:00:00'),
(164, 'TENDER MANGO PICKLE 400GM', '0181', 65, 44, 1, '2015-04-25 09:20:51', '0000-00-00 00:00:00'),
(165, 'DATES PICKLE 400GM', '0182', 65, 44, 1, '2015-04-25 09:21:11', '0000-00-00 00:00:00'),
(166, 'LEMON CHILLI PICKLE 400GM', '0183', 40, 27, 1, '2015-04-25 09:21:31', '0000-00-00 00:00:00'),
(167, 'ARMELLA CHOCOLATE 15GM', '0185', 10, 5, 2, '2015-04-25 10:13:50', '0000-00-00 00:00:00'),
(168, 'CHOCOLATE TRUFFINO 155GM', '0159', 600, 412, 2, '2015-04-25 10:14:43', '0000-00-00 00:00:00'),
(169, 'CHOCOLATE TRUFFINO 310GM', '0160', 780, 575, 2, '2015-04-25 10:15:10', '0000-00-00 00:00:00'),
(170, 'CHOCOLATE TRUFFINO 105GM', '0161', 310, 235, 2, '2015-04-25 10:16:34', '0000-00-00 00:00:00'),
(171, 'CHOCOLATE ONLY 150GM', '0162', 450, 320, 2, '2015-04-25 10:16:56', '0000-00-00 00:00:00'),
(172, 'CHOCOLATE ALFREDO BIG TIN', '0163', 700, 520, 2, '2015-04-25 10:17:21', '0000-00-00 00:00:00'),
(173, 'CHOCOLATE MARSHAMALLOW 100GM', '0164', 80, 57, 2, '2015-04-25 10:17:43', '0000-00-00 00:00:00'),
(174, 'CHOCOLATE ALFREDO SMALL', '0165', 350, 265, 2, '2015-04-25 10:18:06', '0000-00-00 00:00:00'),
(175, 'CHOCOLATE ONLY GIFT ROCHER', '0166', 350, 265, 2, '2015-04-25 10:18:51', '0000-00-00 00:00:00'),
(176, 'CHOCOLATE GIFT SWEETS SMALL', '0167', 950, 735, 2, '2015-04-25 10:19:20', '0000-00-00 00:00:00'),
(177, 'CHOCOLATE GIFT SWEETS BIG', '0184', 2150, 1660, 2, '2015-04-25 10:20:12', '0000-00-00 00:00:00'),
(178, 'SPICES JATHIPATHRI 1kg', '0186', 1850, 1430, 1, '2015-04-25 11:09:02', '0000-00-00 00:00:00'),
(179, 'SPICES CARDAMON 1kg', '0187', 1300, 992, 1, '2015-04-25 11:09:16', '0000-00-00 00:00:00'),
(180, 'SPICES CLOVES 1kg', '0188', 1100, 830, 1, '2015-04-25 11:09:37', '0000-00-00 00:00:00'),
(181, 'SPICES CINAMMON 1kg', '0189', 310, 230, 1, '2015-04-25 11:09:56', '0000-00-00 00:00:00'),
(182, 'SAFFRON 1GM', '0190', 295, 182, 1, '2015-04-25 11:10:15', '0000-00-00 00:00:00'),
(183, 'SPICES CINAMMON 1ST', '0191', 600, 442, 1, '2015-04-25 11:10:44', '0000-00-00 00:00:00'),
(184, 'DRYFRUIT MIXED 1.500GM', '0193', 1500, 1155, 1, '2015-04-25 11:17:23', '0000-00-00 00:00:00'),
(185, 'DATES SYRUP 200GM', '0192', 90, 69, 2, '2015-04-25 11:23:29', '0000-00-00 00:00:00'),
(186, 'CHOCOLATE WITH NUTS 1KG', '0194', 950, 744, 2, '2015-04-25 11:24:01', '0000-00-00 00:00:00'),
(187, 'CHOCOLATE WITH DATES 1KG', '0195', 950, 744, 2, '2015-04-25 11:24:19', '0000-00-00 00:00:00'),
(188, 'WETDATES SAUDI ARABIAN 1KG', '0196', 650, 472, 1, '2015-04-25 11:24:57', '0000-00-00 00:00:00'),
(189, 'WETDATES HARMONEY 1KG', '0197', 200, 147, 1, '2015-04-25 12:02:35', '0000-00-00 00:00:00'),
(190, 'DRYFRUIT CANBERY 1KG', '0200', 900, 656, 1, '2015-04-26 04:18:30', '0000-00-00 00:00:00'),
(191, 'DRYFRUIT ALUCHI 1KG', '0201', 850, 631, 1, '2015-04-26 04:18:50', '0000-00-00 00:00:00');

-- --------------------------------------------------------

--
-- Table structure for table `purchaces`
--

CREATE TABLE IF NOT EXISTS `purchaces` (
  `id` int(11) NOT NULL AUTO_INCREMENT,
  `wendor_id` int(11) NOT NULL,
  `purchace_manager_id` int(11) NOT NULL,
  `company_id` int(11) NOT NULL,
  `amount` int(11) NOT NULL,
  `stocked` tinyint(1) NOT NULL DEFAULT '0',
  `created_at` timestamp NOT NULL DEFAULT CURRENT_TIMESTAMP,
  `last_edited` timestamp NOT NULL DEFAULT '0000-00-00 00:00:00',
  PRIMARY KEY (`id`),
  KEY `wendor_id` (`wendor_id`),
  KEY `purchace_manager_id` (`purchace_manager_id`),
  KEY `company_id` (`company_id`)
) ENGINE=InnoDB  DEFAULT CHARSET=latin1 AUTO_INCREMENT=42 ;

--
-- Dumping data for table `purchaces`
--

INSERT INTO `purchaces` (`id`, `wendor_id`, `purchace_manager_id`, `company_id`, `amount`, `stocked`, `created_at`, `last_edited`) VALUES
(7, 2, 3, 1, 31524, 1, '2015-04-22 07:55:29', '0000-00-00 00:00:00'),
(8, 3, 3, 1, 9864, 1, '2015-04-23 06:15:08', '0000-00-00 00:00:00'),
(9, 4, 3, 1, 9963, 1, '2015-04-23 06:17:08', '0000-00-00 00:00:00'),
(10, 7, 3, 1, 11718, 1, '2015-04-23 06:52:28', '0000-00-00 00:00:00'),
(11, 6, 3, 1, 12474, 1, '2015-04-23 06:58:54', '0000-00-00 00:00:00'),
(12, 5, 3, 1, 3398, 1, '2015-04-23 07:17:53', '0000-00-00 00:00:00'),
(13, 2, 3, 1, 2400, 1, '2015-04-24 05:23:27', '0000-00-00 00:00:00'),
(14, 2, 3, 1, 17760, 1, '2015-04-24 05:26:34', '0000-00-00 00:00:00'),
(15, 2, 3, 1, 5444, 1, '2015-04-24 06:12:38', '0000-00-00 00:00:00'),
(16, 10, 3, 1, 14660, 1, '2015-04-24 06:51:13', '0000-00-00 00:00:00'),
(17, 8, 3, 1, 3339, 1, '2015-04-24 06:51:45', '0000-00-00 00:00:00'),
(18, 2, 3, 1, 29464, 1, '2015-04-24 07:20:59', '0000-00-00 00:00:00'),
(19, 2, 3, 1, 15320, 1, '2015-04-24 07:24:27', '0000-00-00 00:00:00'),
(20, 2, 3, 1, 4618, 1, '2015-04-24 08:36:11', '0000-00-00 00:00:00'),
(21, 9, 3, 1, 18770, 1, '2015-04-24 09:12:07', '0000-00-00 00:00:00'),
(22, 9, 3, 1, 18770, 1, '2015-04-24 09:12:43', '0000-00-00 00:00:00'),
(23, 4, 3, 1, 5040, 1, '2015-04-24 09:58:37', '0000-00-00 00:00:00'),
(24, 2, 3, 1, 350, 1, '2015-04-24 10:50:18', '0000-00-00 00:00:00'),
(25, 2, 3, 1, 13497, 1, '2015-04-25 04:52:49', '0000-00-00 00:00:00'),
(26, 2, 3, 1, 17725, 1, '2015-04-25 07:14:25', '0000-00-00 00:00:00'),
(27, 3, 3, 1, 4630, 1, '2015-04-25 07:21:34', '0000-00-00 00:00:00'),
(28, 5, 3, 1, 4224, 1, '2015-04-25 10:22:00', '0000-00-00 00:00:00'),
(29, 6, 3, 1, 10633, 1, '2015-04-25 10:25:00', '0000-00-00 00:00:00'),
(30, 2, 3, 1, 29893, 1, '2015-04-25 10:32:37', '0000-00-00 00:00:00'),
(31, 2, 3, 1, 18349, 1, '2015-04-25 11:35:20', '0000-00-00 00:00:00'),
(32, 5, 3, 1, 6696, 1, '2015-04-25 11:36:45', '0000-00-00 00:00:00'),
(33, 2, 3, 1, 2589, 1, '2015-04-25 12:12:28', '0000-00-00 00:00:00'),
(34, 2, 3, 1, 11608, 1, '2015-04-26 04:21:37', '0000-00-00 00:00:00'),
(35, 2, 3, 1, 2625, 1, '2015-04-27 05:22:24', '0000-00-00 00:00:00'),
(36, 2, 3, 1, 1197, 1, '2015-04-27 10:27:22', '0000-00-00 00:00:00'),
(37, 2, 3, 1, 22179, 1, '2015-04-29 04:38:21', '0000-00-00 00:00:00'),
(38, 2, 3, 1, 4810, 1, '2015-04-29 04:40:54', '0000-00-00 00:00:00'),
(39, 6, 3, 1, 66, 0, '2015-04-29 06:59:33', '0000-00-00 00:00:00'),
(40, 2, 3, 1, 66, 1, '2015-04-29 07:17:59', '0000-00-00 00:00:00'),
(41, 2, 3, 1, 950, 1, '2015-04-30 07:48:52', '0000-00-00 00:00:00');

-- --------------------------------------------------------

--
-- Table structure for table `purchace_items`
--

CREATE TABLE IF NOT EXISTS `purchace_items` (
  `id` int(11) NOT NULL AUTO_INCREMENT,
  `purchace_id` int(11) NOT NULL,
  `item_id` int(11) NOT NULL,
  `quantity` int(11) NOT NULL,
  `rate` int(11) NOT NULL,
  `creeated_at` timestamp NOT NULL DEFAULT CURRENT_TIMESTAMP,
  PRIMARY KEY (`id`),
  KEY `purchace_id` (`purchace_id`),
  KEY `item_id` (`item_id`)
) ENGINE=InnoDB  DEFAULT CHARSET=latin1 AUTO_INCREMENT=270 ;

--
-- Dumping data for table `purchace_items`
--

INSERT INTO `purchace_items` (`id`, `purchace_id`, `item_id`, `quantity`, `rate`, `creeated_at`) VALUES
(60, 12, 84, 24, 74, '2015-04-23 07:17:53'),
(61, 12, 56, 2, 304, '2015-04-23 07:17:53'),
(62, 12, 89, 2, 75, '2015-04-23 07:17:53'),
(63, 12, 87, 12, 36, '2015-04-23 07:17:53'),
(64, 12, 88, 12, 36, '2015-04-23 07:17:53'),
(65, 13, 1, 25, 20, '2015-04-24 05:23:27'),
(66, 13, 2, 50, 38, '2015-04-24 05:23:27'),
(67, 14, 14, 32, 47, '2015-04-24 05:26:34'),
(68, 14, 5, 50, 164, '2015-04-24 05:26:34'),
(69, 14, 4, 50, 29, '2015-04-24 05:26:34'),
(70, 14, 7, 50, 75, '2015-04-24 05:26:34'),
(71, 14, 6, 30, 33, '2015-04-24 05:26:34'),
(72, 14, 15, 12, 53, '2015-04-24 05:26:34'),
(73, 14, 8, 30, 41, '2015-04-24 05:26:34'),
(74, 15, 9, 12, 91, '2015-04-24 06:12:38'),
(75, 15, 16, 5, 126, '2015-04-24 06:12:38'),
(76, 15, 17, 6, 126, '2015-04-24 06:12:38'),
(77, 15, 112, 10, 163, '2015-04-24 06:12:38'),
(78, 15, 3, 12, 82, '2015-04-24 06:12:38'),
(79, 15, 113, 8, 44, '2015-04-24 06:12:38'),
(80, 16, 114, 5, 599, '2015-04-24 06:51:13'),
(81, 16, 115, 5, 599, '2015-04-24 06:51:13'),
(82, 16, 116, 5, 599, '2015-04-24 06:51:13'),
(83, 16, 117, 5, 599, '2015-04-24 06:51:13'),
(84, 16, 118, 5, 347, '2015-04-24 06:51:13'),
(85, 16, 119, 5, 189, '2015-04-24 06:51:13'),
(86, 17, 122, 3, 798, '2015-04-24 06:51:45'),
(87, 17, 121, 5, 189, '2015-04-24 06:51:45'),
(88, 18, 61, 50, 113, '2015-04-24 07:20:59'),
(89, 18, 62, 30, 227, '2015-04-24 07:20:59'),
(90, 18, 47, 10, 50, '2015-04-24 07:20:59'),
(91, 18, 50, 6, 69, '2015-04-24 07:20:59'),
(92, 18, 27, 20, 38, '2015-04-24 07:20:59'),
(93, 18, 28, 12, 69, '2015-04-24 07:20:59'),
(94, 18, 29, 20, 38, '2015-04-24 07:20:59'),
(95, 18, 44, 12, 69, '2015-04-24 07:20:59'),
(96, 18, 18, 20, 82, '2015-04-24 07:20:59'),
(97, 18, 19, 12, 160, '2015-04-24 07:20:59'),
(98, 18, 24, 20, 82, '2015-04-24 07:20:59'),
(99, 18, 25, 20, 160, '2015-04-24 07:20:59'),
(100, 18, 48, 12, 50, '2015-04-24 07:20:59'),
(101, 18, 53, 6, 69, '2015-04-24 07:20:59'),
(102, 18, 59, 20, 22, '2015-04-24 07:20:59'),
(103, 18, 60, 12, 41, '2015-04-24 07:20:59'),
(104, 18, 63, 6, 428, '2015-04-24 07:20:59'),
(105, 19, 45, 20, 117, '2015-04-24 07:24:27'),
(106, 19, 46, 20, 227, '2015-04-24 07:24:27'),
(107, 19, 21, 20, 96, '2015-04-24 07:24:27'),
(108, 19, 22, 20, 188, '2015-04-24 07:24:27'),
(109, 19, 12, 6, 226, '2015-04-24 07:24:27'),
(110, 19, 54, 12, 117, '2015-04-24 07:24:27'),
(116, 21, 138, 2, 1785, '2015-04-24 09:12:07'),
(117, 21, 137, 1, 1911, '2015-04-24 09:12:07'),
(118, 21, 136, 2, 2084, '2015-04-24 09:12:07'),
(119, 21, 135, 5, 378, '2015-04-24 09:12:07'),
(120, 21, 134, 2, 294, '2015-04-24 09:12:07'),
(121, 21, 133, 2, 294, '2015-04-24 09:12:07'),
(122, 21, 132, 3, 299, '2015-04-24 09:12:07'),
(123, 21, 131, 3, 299, '2015-04-24 09:12:07'),
(124, 21, 130, 3, 481, '2015-04-24 09:12:07'),
(125, 21, 129, 2, 601, '2015-04-24 09:12:07'),
(126, 21, 128, 2, 808, '2015-04-24 09:12:07'),
(127, 22, 138, 2, 1785, '2015-04-24 09:12:43'),
(128, 22, 137, 1, 1911, '2015-04-24 09:12:43'),
(129, 22, 136, 2, 2084, '2015-04-24 09:12:43'),
(130, 22, 135, 5, 378, '2015-04-24 09:12:43'),
(131, 22, 134, 2, 294, '2015-04-24 09:12:43'),
(132, 22, 133, 2, 294, '2015-04-24 09:12:43'),
(133, 22, 132, 3, 299, '2015-04-24 09:12:43'),
(134, 22, 131, 3, 299, '2015-04-24 09:12:43'),
(135, 22, 130, 3, 481, '2015-04-24 09:12:43'),
(136, 22, 129, 2, 601, '2015-04-24 09:12:43'),
(137, 22, 128, 2, 808, '2015-04-24 09:12:43'),
(138, 23, 139, 3, 1680, '2015-04-24 09:58:37'),
(139, 24, 140, 50, 7, '2015-04-24 10:50:18'),
(140, 25, 141, 16, 68, '2015-04-25 04:52:49'),
(141, 25, 104, 5, 199, '2015-04-25 04:52:49'),
(142, 25, 143, 10, 225, '2015-04-25 04:52:49'),
(143, 25, 106, 12, 252, '2015-04-25 04:52:49'),
(144, 25, 107, 12, 252, '2015-04-25 04:52:49'),
(145, 25, 142, 12, 168, '2015-04-25 04:52:49'),
(146, 25, 109, 5, 220, '2015-04-25 04:52:49'),
(147, 26, 145, 25, 709, '2015-04-25 07:14:25'),
(148, 27, 146, 5, 401, '2015-04-25 07:21:34'),
(149, 27, 147, 5, 525, '2015-04-25 07:21:34'),
(150, 28, 80, 12, 332, '2015-04-25 10:22:00'),
(151, 28, 167, 48, 5, '2015-04-25 10:22:00'),
(152, 29, 168, 3, 412, '2015-04-25 10:25:00'),
(153, 29, 169, 2, 575, '2015-04-25 10:25:00'),
(154, 29, 170, 3, 235, '2015-04-25 10:25:00'),
(155, 29, 171, 6, 320, '2015-04-25 10:25:00'),
(156, 29, 172, 3, 520, '2015-04-25 10:25:00'),
(157, 29, 173, 6, 57, '2015-04-25 10:25:00'),
(158, 29, 174, 2, 265, '2015-04-25 10:25:00'),
(159, 29, 175, 3, 265, '2015-04-25 10:25:00'),
(160, 29, 176, 1, 735, '2015-04-25 10:25:00'),
(161, 29, 177, 1, 1660, '2015-04-25 10:25:00'),
(162, 30, 149, 5, 562, '2015-04-25 10:32:37'),
(163, 30, 148, 5, 962, '2015-04-25 10:32:37'),
(164, 30, 150, 5, 820, '2015-04-25 10:32:37'),
(165, 30, 151, 3, 305, '2015-04-25 10:32:37'),
(166, 30, 152, 3, 305, '2015-04-25 10:32:37'),
(167, 30, 153, 3, 1145, '2015-04-25 10:32:37'),
(168, 30, 155, 5, 473, '2015-04-25 10:32:37'),
(169, 30, 154, 5, 472, '2015-04-25 10:32:37'),
(170, 30, 156, 5, 604, '2015-04-25 10:32:37'),
(171, 30, 57, 5, 63, '2015-04-25 10:32:37'),
(172, 30, 158, 24, 22, '2015-04-25 10:32:37'),
(173, 30, 159, 24, 24, '2015-04-25 10:32:37'),
(174, 30, 163, 24, 41, '2015-04-25 10:32:37'),
(175, 30, 164, 24, 44, '2015-04-25 10:32:37'),
(176, 30, 166, 24, 27, '2015-04-25 10:32:37'),
(177, 30, 165, 24, 44, '2015-04-25 10:32:37'),
(178, 31, 179, 1, 992, '2015-04-25 11:35:20'),
(179, 31, 181, 1, 230, '2015-04-25 11:35:20'),
(180, 31, 180, 1, 830, '2015-04-25 11:35:20'),
(181, 31, 178, 1, 1430, '2015-04-25 11:35:20'),
(182, 31, 183, 1, 442, '2015-04-25 11:35:20'),
(183, 31, 182, 20, 182, '2015-04-25 11:35:20'),
(184, 31, 184, 3, 1155, '2015-04-25 11:35:20'),
(185, 31, 185, 24, 69, '2015-04-25 11:35:20'),
(186, 31, 188, 12, 472, '2015-04-25 11:35:20'),
(187, 32, 186, 6, 744, '2015-04-25 11:36:45'),
(188, 32, 187, 3, 744, '2015-04-25 11:36:45'),
(189, 33, 14, 32, 47, '2015-04-25 12:12:28'),
(190, 33, 140, 50, 7, '2015-04-25 12:12:28'),
(191, 33, 189, 5, 147, '2015-04-25 12:12:28'),
(192, 34, 190, 10, 656, '2015-04-26 04:21:37'),
(193, 34, 191, 8, 631, '2015-04-26 04:21:37'),
(194, 35, 157, 5, 525, '2015-04-27 05:22:24'),
(195, 36, 57, 7, 63, '2015-04-27 10:27:22'),
(196, 36, 58, 12, 63, '2015-04-27 10:27:22'),
(197, 37, 10, 32, 82, '2015-04-29 04:38:21'),
(198, 37, 154, 5, 472, '2015-04-29 04:38:21'),
(199, 37, 157, 5, 525, '2015-04-29 04:38:21'),
(200, 37, 152, 3, 305, '2015-04-29 04:38:21'),
(201, 37, 151, 3, 305, '2015-04-29 04:38:21'),
(202, 37, 153, 5, 1145, '2015-04-29 04:38:21'),
(203, 37, 149, 5, 562, '2015-04-29 04:38:21'),
(204, 37, 189, 5, 147, '2015-04-29 04:38:21'),
(205, 37, 126, 50, 9, '2015-04-29 04:38:21'),
(206, 37, 156, 5, 604, '2015-04-29 04:38:21'),
(207, 38, 148, 5, 962, '2015-04-29 04:40:54'),
(208, 39, 5, 1, 66, '2015-04-29 06:59:33'),
(209, 40, 5, 1, 66, '2015-04-29 07:17:59'),
(215, 20, 13, 12, 109, '2015-04-30 07:36:07'),
(216, 20, 127, 10, 126, '2015-04-30 07:36:07'),
(217, 20, 124, 50, 16, '2015-04-30 07:36:07'),
(218, 20, 125, 50, 6, '2015-04-30 07:36:07'),
(219, 20, 123, 50, 19, '2015-04-30 07:36:07'),
(220, 8, 43, 12, 110, '2015-04-30 07:43:24'),
(221, 8, 94, 72, 28, '2015-04-30 07:43:24'),
(222, 8, 92, 96, 42, '2015-04-30 07:43:24'),
(223, 8, 93, 48, 23, '2015-04-30 07:43:24'),
(224, 8, 100, 3, 184, '2015-04-30 07:43:24'),
(225, 8, 95, 6, 140, '2015-04-30 07:43:24'),
(226, 9, 64, 6, 655, '2015-04-30 07:44:09'),
(227, 9, 65, 12, 341, '2015-04-30 07:44:09'),
(228, 9, 91, 3, 288, '2015-04-30 07:44:09'),
(229, 9, 101, 3, 105, '2015-04-30 07:44:09'),
(230, 9, 90, 6, 127, '2015-04-30 07:44:09'),
(231, 41, 123, 50, 19, '2015-04-30 07:48:52'),
(232, 10, 100, 6, 332, '2015-04-30 07:54:53'),
(233, 10, 73, 3, 297, '2015-04-30 07:54:53'),
(234, 10, 82, 72, 10, '2015-04-30 07:54:53'),
(235, 10, 83, 48, 12, '2015-04-30 07:54:53'),
(236, 10, 81, 24, 29, '2015-04-30 07:54:53'),
(237, 10, 77, 6, 103, '2015-04-30 07:54:53'),
(238, 10, 78, 3, 205, '2015-04-30 07:54:53'),
(239, 10, 98, 6, 280, '2015-04-30 07:54:53'),
(240, 10, 97, 12, 171, '2015-04-30 07:54:53'),
(241, 10, 96, 18, 15, '2015-04-30 07:54:53'),
(242, 10, 79, 48, 30, '2015-04-30 07:54:53'),
(243, 10, 76, 24, 7, '2015-04-30 07:54:53'),
(244, 7, 30, 5, 605, '2015-04-30 07:55:14'),
(245, 7, 31, 5, 475, '2015-04-30 07:55:14'),
(246, 7, 32, 5, 214, '2015-04-30 07:55:14'),
(247, 7, 33, 5, 240, '2015-04-30 07:55:14'),
(248, 7, 34, 5, 384, '2015-04-30 07:55:14'),
(249, 7, 35, 5, 384, '2015-04-30 07:55:14'),
(250, 7, 36, 5, 434, '2015-04-30 07:55:14'),
(251, 7, 37, 5, 396, '2015-04-30 07:55:14'),
(252, 7, 38, 5, 225, '2015-04-30 07:55:14'),
(253, 7, 39, 5, 1186, '2015-04-30 07:55:14'),
(254, 7, 40, 5, 605, '2015-04-30 07:55:14'),
(255, 7, 41, 10, 192, '2015-04-30 07:55:14'),
(256, 7, 42, 2, 1932, '2015-04-30 07:55:14'),
(257, 11, 72, 28, 127, '2015-04-30 07:55:37'),
(258, 11, 67, 2, 275, '2015-04-30 07:55:37'),
(259, 11, 66, 2, 305, '2015-04-30 07:55:37'),
(260, 11, 99, 4, 87, '2015-04-30 07:55:37'),
(261, 11, 74, 3, 122, '2015-04-30 07:55:37'),
(262, 11, 102, 3, 114, '2015-04-30 07:55:37'),
(263, 11, 75, 180, 4, '2015-04-30 07:55:37'),
(264, 11, 55, 24, 46, '2015-04-30 07:55:37'),
(265, 11, 49, 12, 89, '2015-04-30 07:55:37'),
(266, 11, 51, 9, 89, '2015-04-30 07:55:37'),
(267, 11, 80, 6, 332, '2015-04-30 07:55:37'),
(268, 11, 68, 3, 131, '2015-04-30 07:55:37'),
(269, 11, 85, 12, 52, '2015-04-30 07:55:37');

-- --------------------------------------------------------

--
-- Table structure for table `redeems`
--

CREATE TABLE IF NOT EXISTS `redeems` (
  `id` int(11) NOT NULL AUTO_INCREMENT,
  `customer_id` int(11) NOT NULL,
  `cachier_id` int(11) NOT NULL,
  `redeem_amount` int(11) NOT NULL,
  `redeem_at` timestamp NOT NULL DEFAULT CURRENT_TIMESTAMP,
  `last_edited` timestamp NOT NULL DEFAULT '0000-00-00 00:00:00',
  PRIMARY KEY (`id`),
  KEY `customer_id` (`customer_id`),
  KEY `cachier_id` (`cachier_id`)
) ENGINE=InnoDB DEFAULT CHARSET=latin1 AUTO_INCREMENT=1 ;

-- --------------------------------------------------------

--
-- Table structure for table `sales`
--

CREATE TABLE IF NOT EXISTS `sales` (
  `id` int(11) NOT NULL AUTO_INCREMENT,
  `customer_id` int(11) NOT NULL,
  `amount` float NOT NULL,
  `net_amount` float NOT NULL,
  `tax_amount` float NOT NULL,
  `company_id` int(11) NOT NULL,
  `sale_at` timestamp NOT NULL DEFAULT CURRENT_TIMESTAMP,
  `last_edited` timestamp NOT NULL DEFAULT '0000-00-00 00:00:00',
  PRIMARY KEY (`id`),
  KEY `company_id` (`company_id`)
) ENGINE=InnoDB  DEFAULT CHARSET=latin1 AUTO_INCREMENT=231 ;

--
-- Dumping data for table `sales`
--

INSERT INTO `sales` (`id`, `customer_id`, `amount`, `net_amount`, `tax_amount`, `company_id`, `sale_at`, `last_edited`) VALUES
(1, 0, 1500, 1428.57, 71.43, 1, '2015-04-26 05:05:20', '0000-00-00 00:00:00'),
(2, 0, 1500, 1428.57, 71.43, 1, '2015-04-26 05:07:23', '0000-00-00 00:00:00'),
(3, 0, 1500, 1428.57, 71.43, 1, '2015-04-26 05:10:58', '0000-00-00 00:00:00'),
(4, 0, 640, 609.52, 30.48, 1, '2015-04-26 08:39:34', '0000-00-00 00:00:00'),
(5, 0, 965, 919.05, 45.95, 1, '2015-04-26 08:43:36', '0000-00-00 00:00:00'),
(6, 0, 178, 169.52, 8.48, 1, '2015-04-26 09:08:50', '0000-00-00 00:00:00'),
(7, 0, 113, 107.62, 5.38, 1, '2015-04-26 09:11:29', '0000-00-00 00:00:00'),
(8, 0, 510, 485.71, 24.29, 1, '2015-04-26 09:25:51', '0000-00-00 00:00:00'),
(9, 0, 990, 942.86, 47.14, 1, '2015-04-26 09:59:47', '0000-00-00 00:00:00'),
(10, 0, 300, 285.71, 14.29, 1, '2015-04-26 10:03:47', '0000-00-00 00:00:00'),
(11, 0, 984, 937.14, 46.86, 1, '2015-04-26 10:11:54', '0000-00-00 00:00:00'),
(12, 0, 180, 171.43, 8.57, 1, '2015-04-26 10:12:41', '0000-00-00 00:00:00'),
(13, 0, 200, 190.48, 9.52, 1, '2015-04-26 10:18:59', '0000-00-00 00:00:00'),
(14, 0, 665, 633.33, 31.67, 1, '2015-04-26 10:20:28', '0000-00-00 00:00:00'),
(15, 0, 195, 185.71, 9.29, 1, '2015-04-26 10:21:57', '0000-00-00 00:00:00'),
(16, 0, 320, 304.76, 15.24, 1, '2015-04-26 10:23:15', '0000-00-00 00:00:00'),
(17, 0, 355, 320.32, 34.68, 1, '2015-04-26 10:28:23', '0000-00-00 00:00:00'),
(18, 0, 204, 194.29, 9.71, 1, '2015-04-26 10:30:14', '0000-00-00 00:00:00'),
(19, 0, 1830, 1742.86, 87.14, 1, '2015-04-26 10:37:31', '0000-00-00 00:00:00'),
(20, 0, 633, 602.86, 30.14, 1, '2015-04-26 10:46:56', '0000-00-00 00:00:00'),
(21, 0, 600, 571.43, 28.57, 1, '2015-04-26 10:57:30', '0000-00-00 00:00:00'),
(22, 0, 340, 323.81, 16.19, 1, '2015-04-26 10:59:33', '0000-00-00 00:00:00'),
(23, 0, 255, 242.86, 12.14, 1, '2015-04-26 11:07:55', '0000-00-00 00:00:00'),
(24, 0, 230, 219.05, 10.95, 1, '2015-04-26 11:11:18', '0000-00-00 00:00:00'),
(25, 0, 190, 180.95, 9.05, 1, '2015-04-26 11:12:21', '0000-00-00 00:00:00'),
(26, 0, 120, 114.29, 5.71, 1, '2015-04-26 11:19:02', '0000-00-00 00:00:00'),
(27, 0, 360, 342.86, 17.14, 1, '2015-04-26 11:22:11', '0000-00-00 00:00:00'),
(28, 0, 148, 140.95, 7.05, 1, '2015-04-26 11:29:38', '0000-00-00 00:00:00'),
(29, 0, 322.5, 305.36, 17.14, 1, '2015-04-26 11:37:19', '0000-00-00 00:00:00'),
(30, 0, 515, 490.48, 24.52, 1, '2015-04-26 11:47:12', '0000-00-00 00:00:00'),
(31, 0, 435, 413.5, 21.5, 1, '2015-04-26 11:56:48', '0000-00-00 00:00:00'),
(32, 0, 548.5, 522.38, 26.12, 1, '2015-04-26 12:02:49', '0000-00-00 00:00:00'),
(33, 0, 412.5, 392.86, 19.64, 1, '2015-04-26 12:16:48', '0000-00-00 00:00:00'),
(34, 0, 343, 326.67, 16.33, 1, '2015-04-26 12:20:22', '0000-00-00 00:00:00'),
(35, 0, 1061, 1010.48, 50.52, 1, '2015-04-26 12:23:24', '0000-00-00 00:00:00'),
(36, 0, 1061, 1010.48, 50.52, 1, '2015-04-26 12:25:04', '0000-00-00 00:00:00'),
(37, 0, 547, 520.95, 26.05, 1, '2015-04-26 12:26:31', '0000-00-00 00:00:00'),
(38, 0, 350, 333.33, 16.67, 1, '2015-04-26 12:27:25', '0000-00-00 00:00:00'),
(39, 0, 620, 590.48, 29.52, 1, '2015-04-26 12:48:57', '0000-00-00 00:00:00'),
(40, 0, 150, 142.86, 7.14, 1, '2015-04-26 12:54:04', '0000-00-00 00:00:00'),
(41, 0, 90, 85.71, 4.29, 1, '2015-04-26 12:55:45', '0000-00-00 00:00:00'),
(42, 0, 431, 410.48, 20.52, 1, '2015-04-26 13:00:04', '0000-00-00 00:00:00'),
(43, 0, 100, 95.24, 4.76, 1, '2015-04-26 13:03:17', '0000-00-00 00:00:00'),
(44, 0, 560, 533.33, 26.67, 1, '2015-04-26 13:25:53', '0000-00-00 00:00:00'),
(45, 0, 35, 33.33, 1.67, 1, '2015-04-26 13:27:16', '0000-00-00 00:00:00'),
(46, 0, 200, 190.48, 9.52, 1, '2015-04-26 13:29:06', '0000-00-00 00:00:00'),
(47, 0, 189, 180, 9, 1, '2015-04-26 13:38:11', '0000-00-00 00:00:00'),
(48, 0, 190, 180.95, 9.05, 1, '2015-04-26 13:44:05', '0000-00-00 00:00:00'),
(49, 0, 260, 247.62, 12.38, 1, '2015-04-26 13:45:04', '0000-00-00 00:00:00'),
(50, 0, 120, 114.29, 5.71, 1, '2015-04-26 14:04:51', '0000-00-00 00:00:00'),
(51, 0, 300, 285.71, 14.29, 1, '2015-04-26 14:07:09', '0000-00-00 00:00:00'),
(52, 0, 80, 76.19, 3.81, 1, '2015-04-26 14:18:35', '0000-00-00 00:00:00'),
(53, 0, 251, 239.05, 11.95, 1, '2015-04-26 14:32:40', '0000-00-00 00:00:00'),
(54, 0, 310, 295.24, 14.76, 1, '2015-04-26 14:45:32', '0000-00-00 00:00:00'),
(55, 0, 300, 285.71, 14.29, 1, '2015-04-26 14:53:17', '0000-00-00 00:00:00'),
(56, 0, 255, 242.86, 12.14, 1, '2015-04-26 14:58:36', '0000-00-00 00:00:00'),
(57, 0, 105, 100, 5, 1, '2015-04-26 14:59:12', '0000-00-00 00:00:00'),
(58, 0, 355, 338.1, 16.9, 1, '2015-04-26 15:04:40', '0000-00-00 00:00:00'),
(59, 0, 1290, 1228.57, 61.43, 1, '2015-04-26 15:07:24', '0000-00-00 00:00:00'),
(60, 0, 300, 285.71, 14.29, 1, '2015-04-26 15:10:02', '0000-00-00 00:00:00'),
(61, 0, 420, 400, 20, 1, '2015-04-26 15:13:32', '0000-00-00 00:00:00'),
(62, 0, 820.5, 776.85, 43.65, 1, '2015-04-26 15:17:08', '0000-00-00 00:00:00'),
(63, 0, 388, 369.52, 18.48, 1, '2015-04-26 15:35:38', '0000-00-00 00:00:00'),
(64, 0, 60, 57.14, 2.86, 1, '2015-04-26 15:42:30', '0000-00-00 00:00:00'),
(65, 0, 840, 800, 40, 1, '2015-04-27 05:27:16', '0000-00-00 00:00:00'),
(66, 0, 160, 152.38, 7.62, 1, '2015-04-27 05:30:12', '0000-00-00 00:00:00'),
(67, 0, 95, 90.48, 4.52, 1, '2015-04-27 05:30:57', '0000-00-00 00:00:00'),
(68, 0, 120, 114.29, 5.71, 1, '2015-04-27 06:03:09', '0000-00-00 00:00:00'),
(69, 0, 267.5, 254.76, 12.74, 1, '2015-04-27 06:04:49', '0000-00-00 00:00:00'),
(70, 0, 80, 76.19, 3.81, 1, '2015-04-27 06:11:03', '0000-00-00 00:00:00'),
(71, 0, 455, 433.33, 21.67, 1, '2015-04-27 06:13:38', '0000-00-00 00:00:00'),
(72, 0, 180, 171.43, 8.57, 1, '2015-04-27 06:31:04', '0000-00-00 00:00:00'),
(73, 0, 822, 782.86, 39.14, 1, '2015-04-27 06:33:50', '0000-00-00 00:00:00'),
(74, 0, 1636, 1558.1, 77.9, 1, '2015-04-27 06:37:54', '0000-00-00 00:00:00'),
(75, 0, 75, 71.43, 3.57, 1, '2015-04-27 06:52:18', '0000-00-00 00:00:00'),
(76, 0, 806.5, 768.1, 38.4, 1, '2015-04-27 06:57:23', '0000-00-00 00:00:00'),
(77, 0, 285, 271.43, 13.57, 1, '2015-04-27 07:21:41', '0000-00-00 00:00:00'),
(78, 0, 401, 381.9, 19.1, 1, '2015-04-27 07:32:31', '0000-00-00 00:00:00'),
(79, 0, 423, 402.86, 20.14, 1, '2015-04-27 07:39:19', '0000-00-00 00:00:00'),
(80, 0, 35, 33.33, 1.67, 1, '2015-04-27 07:42:52', '0000-00-00 00:00:00'),
(81, 0, 330, 314.29, 15.71, 1, '2015-04-27 07:45:05', '0000-00-00 00:00:00'),
(82, 0, 237.5, 226.19, 11.31, 1, '2015-04-27 07:49:41', '0000-00-00 00:00:00'),
(83, 0, 1085, 1033.33, 51.67, 1, '2015-04-27 09:27:11', '0000-00-00 00:00:00'),
(84, 0, 105, 100, 5, 1, '2015-04-27 09:29:41', '0000-00-00 00:00:00'),
(85, 0, 70, 66.67, 3.33, 1, '2015-04-27 12:57:29', '0000-00-00 00:00:00'),
(86, 0, 124, 110.98, 13.02, 1, '2015-04-27 12:58:52', '0000-00-00 00:00:00'),
(87, 0, 75, 71.43, 3.57, 1, '2015-04-27 13:00:56', '0000-00-00 00:00:00'),
(88, 0, 330, 314.29, 15.71, 1, '2015-04-27 13:12:06', '0000-00-00 00:00:00'),
(89, 0, 327, 311.43, 15.57, 1, '2015-04-27 13:27:30', '0000-00-00 00:00:00'),
(90, 0, 335, 319.05, 15.95, 1, '2015-04-27 13:31:26', '0000-00-00 00:00:00'),
(91, 0, 243, 231.43, 11.57, 1, '2015-04-27 13:36:27', '0000-00-00 00:00:00'),
(92, 0, 203, 193.33, 9.67, 1, '2015-04-27 13:38:47', '0000-00-00 00:00:00'),
(93, 0, 120, 114.29, 5.71, 1, '2015-04-27 13:40:42', '0000-00-00 00:00:00'),
(94, 0, 100, 95.24, 4.76, 1, '2015-04-27 13:41:24', '0000-00-00 00:00:00'),
(95, 0, 665, 633.33, 31.67, 1, '2015-04-27 14:15:28', '0000-00-00 00:00:00'),
(96, 0, 202, 192.38, 9.62, 1, '2015-04-27 14:16:58', '0000-00-00 00:00:00'),
(97, 0, 48, 45.71, 2.29, 1, '2015-04-27 14:17:59', '0000-00-00 00:00:00'),
(98, 0, 102, 97.14, 4.86, 1, '2015-04-27 14:34:31', '0000-00-00 00:00:00'),
(99, 0, 105, 94.07, 10.93, 1, '2015-04-27 15:23:21', '0000-00-00 00:00:00'),
(100, 0, 240, 228.57, 11.43, 1, '2015-04-27 15:24:58', '0000-00-00 00:00:00'),
(101, 0, 465, 442.86, 22.14, 1, '2015-04-28 04:43:32', '0000-00-00 00:00:00'),
(102, 0, 453, 431.43, 21.57, 1, '2015-04-28 04:46:32', '0000-00-00 00:00:00'),
(103, 0, 96.5, 91.9, 4.6, 1, '2015-04-28 04:47:41', '0000-00-00 00:00:00'),
(104, 0, 48, 45.71, 2.29, 1, '2015-04-28 04:48:49', '0000-00-00 00:00:00'),
(105, 0, 780, 742.86, 37.14, 1, '2015-04-28 04:51:33', '0000-00-00 00:00:00'),
(106, 0, 96, 91.43, 4.57, 1, '2015-04-28 04:53:29', '0000-00-00 00:00:00'),
(107, 0, 125, 115.49, 9.51, 1, '2015-04-28 04:56:25', '0000-00-00 00:00:00'),
(108, 0, 362.5, 345.24, 17.26, 1, '2015-04-28 04:58:48', '0000-00-00 00:00:00'),
(109, 0, 670, 638.1, 31.9, 1, '2015-04-28 05:03:50', '0000-00-00 00:00:00'),
(110, 0, 180, 171.43, 8.57, 1, '2015-04-28 05:06:10', '0000-00-00 00:00:00'),
(111, 0, 145, 138.1, 6.9, 1, '2015-04-28 05:07:01', '0000-00-00 00:00:00'),
(112, 0, 180, 170.64, 9.36, 1, '2015-04-28 05:13:47', '0000-00-00 00:00:00'),
(113, 0, 243, 231.43, 11.57, 1, '2015-04-28 05:26:22', '0000-00-00 00:00:00'),
(114, 0, 173, 164.76, 8.24, 1, '2015-04-28 05:27:39', '0000-00-00 00:00:00'),
(115, 0, 230, 219.05, 10.95, 1, '2015-04-28 05:28:22', '0000-00-00 00:00:00'),
(116, 0, 120, 114.29, 5.71, 1, '2015-04-28 05:28:55', '0000-00-00 00:00:00'),
(117, 0, 120, 114.29, 5.71, 1, '2015-04-28 05:35:47', '0000-00-00 00:00:00'),
(118, 0, 2135, 2033.33, 101.67, 1, '2015-04-28 05:41:54', '0000-00-00 00:00:00'),
(119, 0, 920, 867.02, 52.98, 1, '2015-04-28 06:01:03', '0000-00-00 00:00:00'),
(120, 0, 965, 919.05, 45.95, 1, '2015-04-28 06:08:05', '0000-00-00 00:00:00'),
(121, 0, 350, 333.33, 16.67, 1, '2015-04-28 06:15:09', '0000-00-00 00:00:00'),
(122, 0, 10, 8.73, 1.27, 1, '2015-04-28 06:23:04', '0000-00-00 00:00:00'),
(123, 0, 60, 57.14, 2.86, 1, '2015-04-28 06:23:33', '0000-00-00 00:00:00'),
(124, 0, 38, 36.19, 1.81, 1, '2015-04-28 06:25:07', '0000-00-00 00:00:00'),
(125, 0, 573, 545.71, 27.29, 1, '2015-04-28 06:28:55', '0000-00-00 00:00:00'),
(126, 0, 537.5, 511.9, 25.6, 1, '2015-04-28 06:31:20', '0000-00-00 00:00:00'),
(127, 0, 245, 233.33, 11.67, 1, '2015-04-28 06:33:11', '0000-00-00 00:00:00'),
(128, 0, 72, 68.57, 3.43, 1, '2015-04-28 06:34:01', '0000-00-00 00:00:00'),
(129, 0, 1060, 1009.52, 50.48, 1, '2015-04-28 06:47:31', '0000-00-00 00:00:00'),
(130, 0, 780, 741.28, 38.72, 1, '2015-04-28 07:51:52', '0000-00-00 00:00:00'),
(131, 0, 58, 55.24, 2.76, 1, '2015-04-28 07:55:51', '0000-00-00 00:00:00'),
(132, 0, 60.38, 57.5, 2.88, 1, '2015-04-28 08:08:35', '0000-00-00 00:00:00'),
(133, 0, 50, 47.62, 2.38, 1, '2015-04-28 08:16:54', '0000-00-00 00:00:00'),
(134, 0, 945, 900, 45, 1, '2015-04-28 11:06:33', '0000-00-00 00:00:00'),
(135, 0, 464, 441.9, 22.1, 1, '2015-04-28 11:07:58', '0000-00-00 00:00:00'),
(136, 0, 160, 152.38, 7.62, 1, '2015-04-28 11:09:07', '0000-00-00 00:00:00'),
(137, 0, 255, 242.86, 12.14, 1, '2015-04-28 11:10:13', '0000-00-00 00:00:00'),
(138, 0, 130, 123.81, 6.19, 1, '2015-04-28 11:11:16', '0000-00-00 00:00:00'),
(139, 0, 620, 590.48, 29.52, 1, '2015-04-28 11:14:53', '0000-00-00 00:00:00'),
(140, 0, 220, 209.52, 10.48, 1, '2015-04-28 11:16:15', '0000-00-00 00:00:00'),
(141, 0, 803, 764.76, 38.24, 1, '2015-04-28 11:18:04', '0000-00-00 00:00:00'),
(142, 0, 640, 609.52, 30.48, 1, '2015-04-28 11:19:40', '0000-00-00 00:00:00'),
(143, 0, 58, 55.24, 2.76, 1, '2015-04-28 11:27:40', '0000-00-00 00:00:00'),
(144, 0, 200, 190.48, 9.52, 1, '2015-04-28 11:30:26', '0000-00-00 00:00:00'),
(145, 0, 200, 190.48, 9.52, 1, '2015-04-28 11:30:57', '0000-00-00 00:00:00'),
(146, 0, 50, 47.73, 2.27, 1, '2015-04-28 11:33:22', '0000-00-00 00:00:00'),
(147, 0, 101, 96.19, 4.81, 1, '2015-04-28 11:46:00', '0000-00-00 00:00:00'),
(148, 0, 122.5, 110.74, 11.76, 1, '2015-04-28 12:09:54', '0000-00-00 00:00:00'),
(149, 0, 94, 89.52, 4.48, 1, '2015-04-28 12:25:32', '0000-00-00 00:00:00'),
(150, 0, 78, 74.29, 3.71, 1, '2015-04-28 12:52:51', '0000-00-00 00:00:00'),
(151, 0, 95, 90.48, 4.52, 1, '2015-04-28 13:05:48', '0000-00-00 00:00:00'),
(152, 0, 159, 149.65, 9.35, 1, '2015-04-28 13:20:41', '0000-00-00 00:00:00'),
(153, 0, 38, 36.19, 1.81, 1, '2015-04-28 13:39:22', '0000-00-00 00:00:00'),
(154, 0, 390, 371.43, 18.57, 1, '2015-04-28 14:18:42', '0000-00-00 00:00:00'),
(155, 0, 10, 9.52, 0.48, 1, '2015-04-28 14:37:47', '0000-00-00 00:00:00'),
(156, 0, 280, 266.67, 13.33, 1, '2015-04-28 14:42:38', '0000-00-00 00:00:00'),
(157, 0, 84, 80, 4, 1, '2015-04-28 15:31:53', '0000-00-00 00:00:00'),
(158, 0, 45, 42.86, 2.14, 1, '2015-04-28 15:43:57', '0000-00-00 00:00:00'),
(159, 0, 1960, 1866.67, 93.33, 1, '2015-04-28 15:56:40', '0000-00-00 00:00:00'),
(160, 0, 801.5, 763.33, 38.17, 1, '2015-04-29 04:35:16', '0000-00-00 00:00:00'),
(161, 0, 100, 95.24, 4.76, 1, '2015-04-29 04:44:47', '0000-00-00 00:00:00'),
(162, 0, 740, 681.06, 58.94, 1, '2015-04-29 04:46:06', '0000-00-00 00:00:00'),
(163, 0, 393, 374.29, 18.71, 1, '2015-04-29 04:47:09', '0000-00-00 00:00:00'),
(164, 0, 180, 171.43, 8.57, 1, '2015-04-29 04:51:08', '0000-00-00 00:00:00'),
(165, 0, 1690, 1609.52, 80.48, 1, '2015-04-29 04:56:07', '0000-00-00 00:00:00'),
(166, 0, 182.5, 173.02, 9.48, 1, '2015-04-29 05:03:55', '0000-00-00 00:00:00'),
(167, 0, 133, 126.67, 6.33, 1, '2015-04-29 05:05:06', '0000-00-00 00:00:00'),
(168, 0, 30, 28.57, 1.43, 1, '2015-04-29 05:06:14', '0000-00-00 00:00:00'),
(169, 0, 90, 85.71, 4.29, 1, '2015-04-29 05:06:40', '0000-00-00 00:00:00'),
(170, 0, 48, 45.71, 2.29, 1, '2015-04-29 05:07:11', '0000-00-00 00:00:00'),
(171, 0, 115, 109.52, 5.48, 1, '2015-04-29 05:08:50', '0000-00-00 00:00:00'),
(172, 0, 172, 163.81, 8.19, 1, '2015-04-29 05:18:22', '0000-00-00 00:00:00'),
(173, 0, 267.5, 254.76, 12.74, 1, '2015-04-29 05:35:13', '0000-00-00 00:00:00'),
(174, 0, 58, 55.24, 2.76, 1, '2015-04-29 05:35:46', '0000-00-00 00:00:00'),
(175, 0, 123, 117.14, 5.86, 1, '2015-04-29 05:40:56', '0000-00-00 00:00:00'),
(176, 0, 699, 665.71, 33.29, 1, '2015-04-29 05:41:54', '0000-00-00 00:00:00'),
(177, 0, 48, 45.71, 2.29, 1, '2015-04-29 05:42:23', '0000-00-00 00:00:00'),
(178, 0, 170, 161.9, 8.1, 1, '2015-04-29 05:43:02', '0000-00-00 00:00:00'),
(179, 0, 100, 95.24, 4.76, 1, '2015-04-29 05:43:44', '0000-00-00 00:00:00'),
(180, 0, 1078, 987.95, 90.05, 1, '2015-04-29 05:58:26', '0000-00-00 00:00:00'),
(181, 0, 743, 706.04, 36.96, 1, '2015-04-29 06:01:01', '0000-00-00 00:00:00'),
(182, 0, 48, 45.71, 2.29, 1, '2015-04-29 06:13:26', '0000-00-00 00:00:00'),
(183, 0, 75, 71.43, 3.57, 1, '2015-04-29 06:13:57', '0000-00-00 00:00:00'),
(184, 0, 231, 220, 11, 1, '2015-04-29 06:14:44', '0000-00-00 00:00:00'),
(185, 0, 1050, 1000, 50, 1, '2015-04-29 06:16:14', '0000-00-00 00:00:00'),
(186, 0, 945, 900, 45, 1, '2015-04-29 06:17:50', '0000-00-00 00:00:00'),
(187, 0, 301, 286.67, 14.33, 1, '2015-04-29 06:31:20', '0000-00-00 00:00:00'),
(188, 0, 1576, 1451.96, 124.04, 1, '2015-04-29 06:32:55', '0000-00-00 00:00:00'),
(189, 0, 733, 670.44, 62.56, 1, '2015-04-29 06:34:51', '0000-00-00 00:00:00'),
(190, 0, 283.75, 270.24, 13.51, 1, '2015-04-29 06:37:42', '0000-00-00 00:00:00'),
(191, 0, 105, 100, 5, 1, '2015-04-29 08:07:13', '0000-00-00 00:00:00'),
(192, 0, 76, 72.38, 3.62, 1, '2015-04-29 08:11:40', '0000-00-00 00:00:00'),
(193, 0, 575.8, 538.9, 36.9, 1, '2015-04-29 08:16:39', '0000-00-00 00:00:00'),
(194, 0, 200, 190.48, 9.52, 1, '2015-04-29 09:35:42', '0000-00-00 00:00:00'),
(195, 0, 150, 142.86, 7.14, 1, '2015-04-29 09:56:09', '0000-00-00 00:00:00'),
(196, 0, 180, 171.43, 8.57, 1, '2015-04-29 12:16:13', '0000-00-00 00:00:00'),
(197, 0, 117.5, 110.13, 7.37, 1, '2015-04-29 13:03:22', '0000-00-00 00:00:00'),
(198, 0, 189, 179.21, 9.79, 1, '2015-04-29 13:46:42', '0000-00-00 00:00:00'),
(199, 0, 375, 346.08, 28.92, 1, '2015-04-29 14:21:41', '0000-00-00 00:00:00'),
(200, 0, 15, 14.29, 0.71, 1, '2015-04-29 14:26:27', '0000-00-00 00:00:00'),
(201, 0, 180, 171.43, 8.57, 1, '2015-04-29 14:27:10', '0000-00-00 00:00:00'),
(202, 0, 275, 247.68, 27.32, 1, '2015-04-29 14:45:51', '0000-00-00 00:00:00'),
(203, 0, 112.5, 98.25, 14.25, 1, '2015-04-29 15:02:58', '0000-00-00 00:00:00'),
(204, 0, 100, 95.24, 4.76, 1, '2015-04-29 15:05:17', '0000-00-00 00:00:00'),
(205, 0, 226, 215.24, 10.76, 1, '2015-04-29 15:13:14', '0000-00-00 00:00:00'),
(206, 0, 425, 395.28, 29.72, 1, '2015-04-29 15:17:50', '0000-00-00 00:00:00'),
(207, 0, 234.5, 223.33, 11.17, 1, '2015-04-30 06:35:01', '0000-00-00 00:00:00'),
(208, 0, 403, 383.81, 19.19, 1, '2015-04-30 11:36:21', '0000-00-00 00:00:00'),
(209, 0, 573, 517.27, 55.73, 1, '2015-04-30 12:07:49', '0000-00-00 00:00:00'),
(210, 0, 221, 193.41, 27.59, 1, '2015-04-30 12:08:19', '0000-00-00 00:00:00'),
(211, 0, 100, 95.24, 4.76, 1, '2015-04-30 12:08:52', '0000-00-00 00:00:00'),
(212, 0, 190, 180.95, 9.05, 1, '2015-04-30 12:09:15', '0000-00-00 00:00:00'),
(213, 0, 105, 100, 5, 1, '2015-04-30 12:10:48', '0000-00-00 00:00:00'),
(214, 0, 166.5, 158.57, 7.93, 1, '2015-04-30 12:13:26', '0000-00-00 00:00:00'),
(215, 0, 81.25, 77.38, 3.87, 1, '2015-04-30 12:53:12', '0000-00-00 00:00:00'),
(216, 0, 184, 175.24, 8.76, 1, '2015-04-30 12:55:26', '0000-00-00 00:00:00'),
(217, 0, 39, 37.14, 1.86, 1, '2015-04-30 12:57:18', '0000-00-00 00:00:00'),
(218, 0, 133.75, 127.38, 6.37, 1, '2015-04-30 13:03:56', '0000-00-00 00:00:00'),
(219, 0, 516, 490.64, 25.36, 1, '2015-04-30 13:12:33', '0000-00-00 00:00:00'),
(220, 0, 5, 4.76, 0.24, 1, '2015-04-30 13:17:23', '0000-00-00 00:00:00'),
(221, 0, 60, 57.14, 2.86, 1, '2015-04-30 13:55:44', '0000-00-00 00:00:00'),
(222, 0, 100, 95.24, 4.76, 1, '2015-04-30 14:24:10', '0000-00-00 00:00:00'),
(223, 0, 78, 74.29, 3.71, 1, '2015-04-30 15:01:51', '0000-00-00 00:00:00'),
(224, 0, 355, 338.1, 16.9, 1, '2015-04-30 15:37:24', '0000-00-00 00:00:00'),
(225, 0, 495, 466.69, 28.31, 1, '2015-04-30 15:40:34', '0000-00-00 00:00:00'),
(226, 0, 5, 4.76, 0.24, 1, '2015-04-30 15:42:39', '0000-00-00 00:00:00'),
(227, 0, 140, 133.33, 6.67, 1, '2015-04-30 15:53:45', '0000-00-00 00:00:00'),
(228, 0, 58, 55.24, 2.76, 1, '2015-04-30 15:56:57', '0000-00-00 00:00:00'),
(229, 0, 360, 333.37, 26.63, 1, '2015-04-30 16:04:53', '0000-00-00 00:00:00'),
(230, 0, 298, 283.81, 14.19, 1, '2015-04-30 16:19:26', '0000-00-00 00:00:00');

-- --------------------------------------------------------

--
-- Table structure for table `sales_items`
--

CREATE TABLE IF NOT EXISTS `sales_items` (
  `id` int(11) NOT NULL AUTO_INCREMENT,
  `sale_id` int(11) NOT NULL,
  `item_id` int(11) NOT NULL,
  `rate` float NOT NULL,
  `quantity` float NOT NULL,
  `tax` float NOT NULL,
  `company_id` int(11) NOT NULL,
  `created_at` timestamp NOT NULL DEFAULT CURRENT_TIMESTAMP,
  `last_edited` timestamp NOT NULL DEFAULT '0000-00-00 00:00:00',
  PRIMARY KEY (`id`),
  KEY `sale_id` (`sale_id`),
  KEY `item_id` (`item_id`),
  KEY `company_id` (`company_id`)
) ENGINE=InnoDB  DEFAULT CHARSET=latin1 AUTO_INCREMENT=424 ;

--
-- Dumping data for table `sales_items`
--

INSERT INTO `sales_items` (`id`, `sale_id`, `item_id`, `rate`, `quantity`, `tax`, `company_id`, `created_at`, `last_edited`) VALUES
(1, 1, 184, 1500, 1, 71.4286, 1, '2015-04-26 05:05:20', '0000-00-00 00:00:00'),
(2, 2, 184, 1500, 1, 71.4286, 1, '2015-04-26 05:07:23', '0000-00-00 00:00:00'),
(3, 3, 184, 1500, 1, 71.4286, 1, '2015-04-26 05:10:58', '0000-00-00 00:00:00'),
(4, 4, 149, 720, 0.5, 17.1429, 1, '2015-04-26 08:39:34', '0000-00-00 00:00:00'),
(5, 4, 153, 1400, 0.2, 13.3333, 1, '2015-04-26 08:39:34', '0000-00-00 00:00:00'),
(6, 5, 149, 720, 0.5, 17.1429, 1, '2015-04-26 08:43:36', '0000-00-00 00:00:00'),
(7, 5, 153, 1400, 0.2, 13.3333, 1, '2015-04-26 08:43:36', '0000-00-00 00:00:00'),
(8, 5, 96, 25, 1, 1.19048, 1, '2015-04-26 08:43:36', '0000-00-00 00:00:00'),
(9, 5, 150, 1200, 0.25, 14.2857, 1, '2015-04-26 08:43:36', '0000-00-00 00:00:00'),
(10, 6, 118, 480, 0.1, 2.28571, 1, '2015-04-26 09:08:50', '0000-00-00 00:00:00'),
(11, 6, 147, 650, 0.2, 6.19048, 1, '2015-04-26 09:08:50', '0000-00-00 00:00:00'),
(12, 7, 121, 280, 0.1, 1.33333, 1, '2015-04-26 09:11:29', '0000-00-00 00:00:00'),
(13, 7, 167, 10, 5, 2.38095, 1, '2015-04-26 09:11:29', '0000-00-00 00:00:00'),
(14, 7, 158, 35, 1, 1.66667, 1, '2015-04-26 09:11:29', '0000-00-00 00:00:00'),
(15, 8, 72, 195, 1, 9.28571, 1, '2015-04-26 09:25:51', '0000-00-00 00:00:00'),
(16, 8, 115, 850, 0.1, 4.04762, 1, '2015-04-26 09:25:51', '0000-00-00 00:00:00'),
(17, 8, 119, 250, 0.2, 2.38095, 1, '2015-04-26 09:25:51', '0000-00-00 00:00:00'),
(18, 8, 155, 600, 0.2, 5.71429, 1, '2015-04-26 09:25:51', '0000-00-00 00:00:00'),
(19, 8, 154, 600, 0.1, 2.85714, 1, '2015-04-26 09:25:51', '0000-00-00 00:00:00'),
(20, 9, 46, 330, 3, 47.1429, 1, '2015-04-26 09:59:47', '0000-00-00 00:00:00'),
(21, 10, 155, 600, 0.5, 14.2857, 1, '2015-04-26 10:03:47', '0000-00-00 00:00:00'),
(22, 11, 39, 1550, 0.4, 29.5238, 1, '2015-04-26 10:11:54', '0000-00-00 00:00:00'),
(23, 11, 41, 249, 1, 11.8571, 1, '2015-04-26 10:11:54', '0000-00-00 00:00:00'),
(24, 11, 55, 65, 1, 3.09524, 1, '2015-04-26 10:11:54', '0000-00-00 00:00:00'),
(25, 11, 79, 50, 1, 2.38095, 1, '2015-04-26 10:11:54', '0000-00-00 00:00:00'),
(26, 12, 85, 60, 3, 8.57143, 1, '2015-04-26 10:12:41', '0000-00-00 00:00:00'),
(27, 13, 127, 200, 1, 9.52381, 1, '2015-04-26 10:18:59', '0000-00-00 00:00:00'),
(28, 14, 22, 275, 1, 13.0952, 1, '2015-04-26 10:20:28', '0000-00-00 00:00:00'),
(29, 14, 18, 130, 1, 6.19048, 1, '2015-04-26 10:20:28', '0000-00-00 00:00:00'),
(30, 14, 112, 260, 1, 12.381, 1, '2015-04-26 10:20:28', '0000-00-00 00:00:00'),
(31, 15, 72, 195, 1, 9.28571, 1, '2015-04-26 10:21:57', '0000-00-00 00:00:00'),
(32, 16, 3, 130, 1, 6.19048, 1, '2015-04-26 10:23:15', '0000-00-00 00:00:00'),
(33, 16, 152, 400, 0.25, 4.7619, 1, '2015-04-26 10:23:15', '0000-00-00 00:00:00'),
(34, 16, 84, 90, 1, 4.28571, 1, '2015-04-26 10:23:15', '0000-00-00 00:00:00'),
(35, 17, 80, 450, 0.5, 28.4935, 1, '2015-04-26 10:28:23', '0000-00-00 00:00:00'),
(36, 17, 18, 130, 1, 6.19048, 1, '2015-04-26 10:28:23', '0000-00-00 00:00:00'),
(37, 18, 61, 180, 1, 8.57143, 1, '2015-04-26 10:30:14', '0000-00-00 00:00:00'),
(38, 18, 135, 480, 0.05, 1.14286, 1, '2015-04-26 10:30:14', '0000-00-00 00:00:00'),
(39, 19, 145, 950, 0.6, 27.1429, 1, '2015-04-26 10:37:31', '0000-00-00 00:00:00'),
(40, 19, 61, 180, 1, 8.57143, 1, '2015-04-26 10:37:31', '0000-00-00 00:00:00'),
(41, 19, 62, 360, 3, 51.4286, 1, '2015-04-26 10:37:31', '0000-00-00 00:00:00'),
(42, 20, 145, 950, 0.2, 9.04762, 1, '2015-04-26 10:46:56', '0000-00-00 00:00:00'),
(43, 20, 158, 35, 1, 1.66667, 1, '2015-04-26 10:46:56', '0000-00-00 00:00:00'),
(44, 20, 135, 480, 0.2, 4.57143, 1, '2015-04-26 10:46:56', '0000-00-00 00:00:00'),
(45, 20, 133, 380, 0.15, 2.71429, 1, '2015-04-26 10:46:56', '0000-00-00 00:00:00'),
(46, 20, 190, 900, 0.15, 6.42857, 1, '2015-04-26 10:46:56', '0000-00-00 00:00:00'),
(47, 20, 155, 600, 0.2, 5.71429, 1, '2015-04-26 10:46:56', '0000-00-00 00:00:00'),
(48, 21, 150, 1200, 0.5, 28.5714, 1, '2015-04-26 10:57:30', '0000-00-00 00:00:00'),
(49, 22, 102, 170, 1, 8.09524, 1, '2015-04-26 10:59:33', '0000-00-00 00:00:00'),
(50, 22, 77, 170, 1, 8.09524, 1, '2015-04-26 10:59:33', '0000-00-00 00:00:00'),
(51, 23, 25, 255, 1, 12.1429, 1, '2015-04-26 11:07:55', '0000-00-00 00:00:00'),
(52, 24, 166, 40, 1, 1.90476, 1, '2015-04-26 11:11:18', '0000-00-00 00:00:00'),
(53, 24, 145, 950, 0.2, 9.04762, 1, '2015-04-26 11:11:18', '0000-00-00 00:00:00'),
(54, 25, 145, 950, 0.2, 9.04762, 1, '2015-04-26 11:12:21', '0000-00-00 00:00:00'),
(55, 26, 7, 120, 1, 5.71429, 1, '2015-04-26 11:19:02', '0000-00-00 00:00:00'),
(56, 27, 62, 360, 1, 17.1429, 1, '2015-04-26 11:22:11', '0000-00-00 00:00:00'),
(57, 28, 163, 60, 1, 2.85714, 1, '2015-04-26 11:29:38', '0000-00-00 00:00:00'),
(58, 28, 167, 10, 4, 1.90476, 1, '2015-04-26 11:29:38', '0000-00-00 00:00:00'),
(59, 28, 135, 480, 0.1, 2.28571, 1, '2015-04-26 11:29:38', '0000-00-00 00:00:00'),
(60, 29, 148, 1200, 0.25, 14.2857, 1, '2015-04-26 11:37:19', '0000-00-00 00:00:00'),
(61, 29, 80, 450, 0.05, 2.84934, 1, '2015-04-26 11:37:19', '0000-00-00 00:00:00'),
(62, 30, 62, 360, 1, 17.1429, 1, '2015-04-26 11:47:12', '0000-00-00 00:00:00'),
(63, 30, 186, 950, 0.1, 4.52381, 1, '2015-04-26 11:47:12', '0000-00-00 00:00:00'),
(64, 30, 163, 60, 1, 2.85714, 1, '2015-04-26 11:47:12', '0000-00-00 00:00:00'),
(65, 31, 62, 360, 1, 17.1429, 1, '2015-04-26 11:56:48', '0000-00-00 00:00:00'),
(66, 31, 165, 65, 1, 3.09524, 1, '2015-04-26 11:56:48', '0000-00-00 00:00:00'),
(67, 31, 140, 10, 1, 1.26638, 1, '2015-04-26 11:56:48', '0000-00-00 00:00:00'),
(68, 32, 109, 360, 0.5, 8.57143, 1, '2015-04-26 12:02:49', '0000-00-00 00:00:00'),
(69, 32, 118, 480, 0.2, 4.57143, 1, '2015-04-26 12:02:49', '0000-00-00 00:00:00'),
(70, 32, 145, 950, 0.25, 11.3095, 1, '2015-04-26 12:02:49', '0000-00-00 00:00:00'),
(71, 32, 159, 35, 1, 1.66667, 1, '2015-04-26 12:02:49', '0000-00-00 00:00:00'),
(72, 33, 153, 1400, 0.25, 16.6667, 1, '2015-04-26 12:16:48', '0000-00-00 00:00:00'),
(73, 33, 119, 250, 0.25, 2.97619, 1, '2015-04-26 12:16:48', '0000-00-00 00:00:00'),
(74, 34, 72, 195, 1, 9.28571, 1, '2015-04-26 12:20:22', '0000-00-00 00:00:00'),
(75, 34, 155, 600, 0.2, 5.71429, 1, '2015-04-26 12:20:22', '0000-00-00 00:00:00'),
(76, 34, 121, 280, 0.1, 1.33333, 1, '2015-04-26 12:20:22', '0000-00-00 00:00:00'),
(77, 35, 159, 35, 1, 1.66667, 1, '2015-04-26 12:23:24', '0000-00-00 00:00:00'),
(78, 35, 72, 195, 1, 9.28571, 1, '2015-04-26 12:23:24', '0000-00-00 00:00:00'),
(79, 35, 39, 1550, 0.5, 36.9048, 1, '2015-04-26 12:23:24', '0000-00-00 00:00:00'),
(80, 35, 121, 280, 0.2, 2.66667, 1, '2015-04-26 12:23:24', '0000-00-00 00:00:00'),
(81, 36, 72, 195, 1, 9.28571, 1, '2015-04-26 12:25:04', '0000-00-00 00:00:00'),
(82, 36, 39, 1550, 0.5, 36.9048, 1, '2015-04-26 12:25:04', '0000-00-00 00:00:00'),
(83, 36, 121, 280, 0.2, 2.66667, 1, '2015-04-26 12:25:04', '0000-00-00 00:00:00'),
(84, 36, 159, 35, 1, 1.66667, 1, '2015-04-26 12:25:04', '0000-00-00 00:00:00'),
(85, 37, 148, 1200, 0.25, 14.2857, 1, '2015-04-26 12:26:31', '0000-00-00 00:00:00'),
(86, 37, 121, 280, 0.1, 1.33333, 1, '2015-04-26 12:26:31', '0000-00-00 00:00:00'),
(87, 37, 94, 39, 1, 1.85714, 1, '2015-04-26 12:26:31', '0000-00-00 00:00:00'),
(88, 37, 84, 90, 2, 8.57143, 1, '2015-04-26 12:26:31', '0000-00-00 00:00:00'),
(89, 38, 174, 350, 1, 16.6667, 1, '2015-04-26 12:27:25', '0000-00-00 00:00:00'),
(90, 39, 113, 70, 1, 3.33333, 1, '2015-04-26 12:48:57', '0000-00-00 00:00:00'),
(91, 39, 65, 550, 1, 26.1905, 1, '2015-04-26 12:48:57', '0000-00-00 00:00:00'),
(92, 40, 109, 360, 0.25, 4.28571, 1, '2015-04-26 12:54:04', '0000-00-00 00:00:00'),
(93, 40, 155, 600, 0.1, 2.85714, 1, '2015-04-26 12:54:04', '0000-00-00 00:00:00'),
(94, 41, 109, 360, 0.25, 4.28571, 1, '2015-04-26 12:55:45', '0000-00-00 00:00:00'),
(95, 42, 109, 360, 0.25, 4.28571, 1, '2015-04-26 13:00:04', '0000-00-00 00:00:00'),
(96, 42, 155, 600, 0.1, 2.85714, 1, '2015-04-26 13:00:04', '0000-00-00 00:00:00'),
(97, 42, 154, 600, 0.1, 2.85714, 1, '2015-04-26 13:00:04', '0000-00-00 00:00:00'),
(98, 42, 149, 720, 0.1, 3.42857, 1, '2015-04-26 13:00:04', '0000-00-00 00:00:00'),
(99, 42, 131, 300, 0.1, 1.42857, 1, '2015-04-26 13:00:04', '0000-00-00 00:00:00'),
(100, 42, 82, 20, 1, 0.952381, 1, '2015-04-26 13:00:04', '0000-00-00 00:00:00'),
(101, 42, 94, 39, 1, 1.85714, 1, '2015-04-26 13:00:04', '0000-00-00 00:00:00'),
(102, 42, 159, 35, 1, 1.66667, 1, '2015-04-26 13:00:04', '0000-00-00 00:00:00'),
(103, 42, 96, 25, 1, 1.19048, 1, '2015-04-26 13:00:04', '0000-00-00 00:00:00'),
(104, 43, 57, 100, 1, 4.7619, 1, '2015-04-26 13:03:17', '0000-00-00 00:00:00'),
(105, 44, 155, 600, 0.25, 7.14286, 1, '2015-04-26 13:25:53', '0000-00-00 00:00:00'),
(106, 44, 145, 950, 0.15, 6.78571, 1, '2015-04-26 13:25:53', '0000-00-00 00:00:00'),
(107, 44, 156, 800, 0.15, 5.71429, 1, '2015-04-26 13:25:53', '0000-00-00 00:00:00'),
(108, 44, 36, 590, 0.25, 7.02381, 1, '2015-04-26 13:25:53', '0000-00-00 00:00:00'),
(109, 45, 158, 35, 1, 1.66667, 1, '2015-04-26 13:27:16', '0000-00-00 00:00:00'),
(110, 46, 156, 800, 0.25, 9.52381, 1, '2015-04-26 13:29:06', '0000-00-00 00:00:00'),
(111, 47, 156, 800, 0.1, 3.80952, 1, '2015-04-26 13:38:11', '0000-00-00 00:00:00'),
(112, 47, 93, 34, 1, 1.61905, 1, '2015-04-26 13:38:11', '0000-00-00 00:00:00'),
(113, 47, 79, 50, 1, 2.38095, 1, '2015-04-26 13:38:11', '0000-00-00 00:00:00'),
(114, 47, 96, 25, 1, 1.19048, 1, '2015-04-26 13:38:11', '0000-00-00 00:00:00'),
(115, 48, 145, 950, 0.2, 9.04762, 1, '2015-04-26 13:44:05', '0000-00-00 00:00:00'),
(116, 49, 117, 850, 0.2, 8.09524, 1, '2015-04-26 13:45:04', '0000-00-00 00:00:00'),
(117, 49, 185, 90, 1, 4.28571, 1, '2015-04-26 13:45:04', '0000-00-00 00:00:00'),
(118, 50, 7, 120, 1, 5.71429, 1, '2015-04-26 14:04:51', '0000-00-00 00:00:00'),
(119, 51, 156, 800, 0.2, 7.61905, 1, '2015-04-26 14:07:09', '0000-00-00 00:00:00'),
(120, 51, 21, 140, 1, 6.66667, 1, '2015-04-26 14:07:09', '0000-00-00 00:00:00'),
(121, 52, 156, 800, 0.1, 3.80952, 1, '2015-04-26 14:18:35', '0000-00-00 00:00:00'),
(122, 53, 72, 195, 1, 9.28571, 1, '2015-04-26 14:32:40', '0000-00-00 00:00:00'),
(123, 53, 121, 280, 0.2, 2.66667, 1, '2015-04-26 14:32:40', '0000-00-00 00:00:00'),
(124, 54, 104, 290, 0.5, 6.90476, 1, '2015-04-26 14:45:32', '0000-00-00 00:00:00'),
(125, 54, 147, 650, 0.2, 6.19048, 1, '2015-04-26 14:45:32', '0000-00-00 00:00:00'),
(126, 54, 158, 35, 1, 1.66667, 1, '2015-04-26 14:45:32', '0000-00-00 00:00:00'),
(127, 55, 148, 1200, 0.25, 14.2857, 1, '2015-04-26 14:53:17', '0000-00-00 00:00:00'),
(128, 56, 131, 300, 0.2, 2.85714, 1, '2015-04-26 14:58:36', '0000-00-00 00:00:00'),
(129, 56, 72, 195, 1, 9.28571, 1, '2015-04-26 14:58:36', '0000-00-00 00:00:00'),
(130, 57, 122, 1050, 0.1, 5, 1, '2015-04-26 14:59:12', '0000-00-00 00:00:00'),
(131, 58, 119, 250, 0.1, 1.19048, 1, '2015-04-26 15:04:40', '0000-00-00 00:00:00'),
(132, 58, 148, 1200, 0.1, 5.71429, 1, '2015-04-26 15:04:40', '0000-00-00 00:00:00'),
(133, 58, 117, 850, 0.1, 4.04762, 1, '2015-04-26 15:04:40', '0000-00-00 00:00:00'),
(134, 58, 158, 35, 1, 1.66667, 1, '2015-04-26 15:04:40', '0000-00-00 00:00:00'),
(135, 58, 84, 90, 1, 4.28571, 1, '2015-04-26 15:04:40', '0000-00-00 00:00:00'),
(136, 59, 149, 720, 0.5, 17.1429, 1, '2015-04-26 15:07:24', '0000-00-00 00:00:00'),
(137, 59, 148, 1200, 0.5, 28.5714, 1, '2015-04-26 15:07:24', '0000-00-00 00:00:00'),
(138, 59, 46, 330, 1, 15.7143, 1, '2015-04-26 15:07:24', '0000-00-00 00:00:00'),
(139, 60, 155, 600, 0.5, 14.2857, 1, '2015-04-26 15:10:02', '0000-00-00 00:00:00'),
(140, 61, 117, 850, 0.1, 4.04762, 1, '2015-04-26 15:13:32', '0000-00-00 00:00:00'),
(141, 61, 122, 1050, 0.1, 5, 1, '2015-04-26 15:13:32', '0000-00-00 00:00:00'),
(142, 61, 115, 850, 0.1, 4.04762, 1, '2015-04-26 15:13:32', '0000-00-00 00:00:00'),
(143, 61, 131, 300, 0.2, 2.85714, 1, '2015-04-26 15:13:32', '0000-00-00 00:00:00'),
(144, 61, 116, 850, 0.1, 4.04762, 1, '2015-04-26 15:13:32', '0000-00-00 00:00:00'),
(145, 62, 61, 180, 1, 8.57143, 1, '2015-04-26 15:17:08', '0000-00-00 00:00:00'),
(146, 62, 159, 35, 0, 0, 1, '2015-04-26 15:17:08', '0000-00-00 00:00:00'),
(147, 62, 145, 950, 0.25, 11.3095, 1, '2015-04-26 15:17:08', '0000-00-00 00:00:00'),
(148, 62, 115, 850, 0.2, 8.09524, 1, '2015-04-26 15:17:08', '0000-00-00 00:00:00'),
(149, 62, 133, 380, 0.25, 4.52381, 1, '2015-04-26 15:17:08', '0000-00-00 00:00:00'),
(150, 62, 173, 80, 1, 3.80952, 1, '2015-04-26 15:17:08', '0000-00-00 00:00:00'),
(151, 62, 130, 580, 0.1, 7.34498, 1, '2015-04-26 15:17:08', '0000-00-00 00:00:00'),
(152, 63, 51, 100, 1, 4.7619, 1, '2015-04-26 15:35:38', '0000-00-00 00:00:00'),
(153, 63, 145, 950, 0.2, 9.04762, 1, '2015-04-26 15:35:38', '0000-00-00 00:00:00'),
(154, 63, 163, 60, 1, 2.85714, 1, '2015-04-26 15:35:38', '0000-00-00 00:00:00'),
(155, 63, 133, 380, 0.1, 1.80952, 1, '2015-04-26 15:35:38', '0000-00-00 00:00:00'),
(156, 64, 85, 60, 1, 2.85714, 1, '2015-04-26 15:42:30', '0000-00-00 00:00:00'),
(157, 65, 135, 480, 0.25, 5.71429, 1, '2015-04-27 05:27:16', '0000-00-00 00:00:00'),
(158, 65, 117, 850, 0.2, 8.09524, 1, '2015-04-27 05:27:17', '0000-00-00 00:00:00'),
(159, 65, 145, 950, 0.2, 9.04762, 1, '2015-04-27 05:27:17', '0000-00-00 00:00:00'),
(160, 65, 62, 360, 1, 17.1429, 1, '2015-04-27 05:27:17', '0000-00-00 00:00:00'),
(161, 66, 156, 800, 0.2, 7.61905, 1, '2015-04-27 05:30:12', '0000-00-00 00:00:00'),
(162, 67, 145, 950, 0.1, 4.52381, 1, '2015-04-27 05:30:57', '0000-00-00 00:00:00'),
(163, 68, 156, 800, 0.15, 5.71429, 1, '2015-04-27 06:03:09', '0000-00-00 00:00:00'),
(164, 69, 37, 535, 0.5, 12.7381, 1, '2015-04-27 06:04:49', '0000-00-00 00:00:00'),
(165, 70, 156, 800, 0.1, 3.80952, 1, '2015-04-27 06:11:03', '0000-00-00 00:00:00'),
(166, 71, 187, 950, 0.1, 4.52381, 1, '2015-04-27 06:13:38', '0000-00-00 00:00:00'),
(167, 71, 145, 950, 0.2, 9.04762, 1, '2015-04-27 06:13:38', '0000-00-00 00:00:00'),
(168, 71, 45, 170, 1, 8.09524, 1, '2015-04-27 06:13:38', '0000-00-00 00:00:00'),
(169, 72, 61, 180, 1, 8.57143, 1, '2015-04-27 06:31:04', '0000-00-00 00:00:00'),
(170, 73, 30, 820, 0.5, 19.5238, 1, '2015-04-27 06:33:50', '0000-00-00 00:00:00'),
(171, 73, 131, 300, 0.36, 5.14286, 1, '2015-04-27 06:33:50', '0000-00-00 00:00:00'),
(172, 73, 131, 300, 0.33, 4.71429, 1, '2015-04-27 06:33:50', '0000-00-00 00:00:00'),
(173, 73, 30, 820, 0.25, 9.7619, 1, '2015-04-27 06:33:50', '0000-00-00 00:00:00'),
(174, 74, 72, 195, 1, 9.28571, 1, '2015-04-27 06:37:54', '0000-00-00 00:00:00'),
(175, 74, 65, 550, 1, 26.1905, 1, '2015-04-27 06:37:54', '0000-00-00 00:00:00'),
(176, 74, 46, 330, 1, 15.7143, 1, '2015-04-27 06:37:54', '0000-00-00 00:00:00'),
(177, 74, 47, 80, 1, 3.80952, 1, '2015-04-27 06:37:54', '0000-00-00 00:00:00'),
(178, 74, 18, 130, 1, 6.19048, 1, '2015-04-27 06:37:54', '0000-00-00 00:00:00'),
(179, 74, 145, 950, 0.1, 4.52381, 1, '2015-04-27 06:37:54', '0000-00-00 00:00:00'),
(180, 74, 31, 640, 0.25, 7.61905, 1, '2015-04-27 06:37:54', '0000-00-00 00:00:00'),
(181, 74, 135, 480, 0.2, 4.57143, 1, '2015-04-27 06:37:54', '0000-00-00 00:00:00'),
(182, 75, 96, 25, 3, 3.57143, 1, '2015-04-27 06:52:18', '0000-00-00 00:00:00'),
(183, 76, 6, 53, 1, 2.52381, 1, '2015-04-27 06:57:23', '0000-00-00 00:00:00'),
(184, 76, 165, 65, 1, 3.09524, 1, '2015-04-27 06:57:23', '0000-00-00 00:00:00'),
(185, 76, 145, 950, 0.45, 20.3571, 1, '2015-04-27 06:57:23', '0000-00-00 00:00:00'),
(186, 76, 121, 280, 0.1, 1.33333, 1, '2015-04-27 06:57:24', '0000-00-00 00:00:00'),
(187, 76, 133, 380, 0.1, 1.80952, 1, '2015-04-27 06:57:24', '0000-00-00 00:00:00'),
(188, 76, 72, 195, 1, 9.28571, 1, '2015-04-27 06:57:24', '0000-00-00 00:00:00'),
(189, 77, 155, 600, 0.1, 2.85714, 1, '2015-04-27 07:21:41', '0000-00-00 00:00:00'),
(190, 77, 165, 65, 1, 3.09524, 1, '2015-04-27 07:21:41', '0000-00-00 00:00:00'),
(191, 77, 143, 320, 0.5, 7.61905, 1, '2015-04-27 07:21:41', '0000-00-00 00:00:00'),
(192, 78, 185, 90, 1, 4.28571, 1, '2015-04-27 07:32:31', '0000-00-00 00:00:00'),
(193, 78, 77, 170, 1, 8.09524, 1, '2015-04-27 07:32:31', '0000-00-00 00:00:00'),
(194, 78, 165, 65, 1, 3.09524, 1, '2015-04-27 07:32:31', '0000-00-00 00:00:00'),
(195, 78, 133, 380, 0.1, 1.80952, 1, '2015-04-27 07:32:31', '0000-00-00 00:00:00'),
(196, 78, 134, 380, 0.1, 1.80952, 1, '2015-04-27 07:32:31', '0000-00-00 00:00:00'),
(197, 79, 6, 53, 1, 2.52381, 1, '2015-04-27 07:39:19', '0000-00-00 00:00:00'),
(198, 79, 92, 70, 1, 3.33333, 1, '2015-04-27 07:39:19', '0000-00-00 00:00:00'),
(199, 79, 24, 130, 1, 6.19048, 1, '2015-04-27 07:39:19', '0000-00-00 00:00:00'),
(200, 79, 45, 170, 1, 8.09524, 1, '2015-04-27 07:39:19', '0000-00-00 00:00:00'),
(201, 80, 158, 35, 1, 1.66667, 1, '2015-04-27 07:42:52', '0000-00-00 00:00:00'),
(202, 81, 31, 640, 0.25, 7.61905, 1, '2015-04-27 07:45:05', '0000-00-00 00:00:00'),
(203, 81, 54, 170, 1, 8.09524, 1, '2015-04-27 07:45:05', '0000-00-00 00:00:00'),
(204, 82, 145, 950, 0.25, 11.3095, 1, '2015-04-27 07:49:41', '0000-00-00 00:00:00'),
(205, 83, 39, 1550, 0.25, 18.4524, 1, '2015-04-27 09:27:11', '0000-00-00 00:00:00'),
(206, 83, 150, 1200, 0.25, 14.2857, 1, '2015-04-27 09:27:11', '0000-00-00 00:00:00'),
(207, 83, 145, 950, 0.25, 11.3095, 1, '2015-04-27 09:27:11', '0000-00-00 00:00:00'),
(208, 83, 143, 320, 0.5, 7.61905, 1, '2015-04-27 09:27:11', '0000-00-00 00:00:00'),
(209, 84, 8, 66, 1, 3.14286, 1, '2015-04-27 09:29:41', '0000-00-00 00:00:00'),
(210, 84, 94, 39, 1, 1.85714, 1, '2015-04-27 09:29:41', '0000-00-00 00:00:00'),
(211, 85, 92, 70, 1, 3.33333, 1, '2015-04-27 12:57:29', '0000-00-00 00:00:00'),
(212, 86, 80, 450, 0.2, 11.3974, 1, '2015-04-27 12:58:52', '0000-00-00 00:00:00'),
(213, 86, 93, 34, 1, 1.61905, 1, '2015-04-27 12:58:52', '0000-00-00 00:00:00'),
(214, 87, 55, 65, 1, 3.09524, 1, '2015-04-27 13:00:56', '0000-00-00 00:00:00'),
(215, 87, 76, 10, 1, 0.47619, 1, '2015-04-27 13:00:56', '0000-00-00 00:00:00'),
(216, 88, 46, 330, 1, 15.7143, 1, '2015-04-27 13:12:06', '0000-00-00 00:00:00'),
(217, 89, 116, 850, 0.1, 4.04762, 1, '2015-04-27 13:27:30', '0000-00-00 00:00:00'),
(218, 89, 121, 280, 0.2, 2.66667, 1, '2015-04-27 13:27:30', '0000-00-00 00:00:00'),
(219, 89, 135, 480, 0.2, 4.57143, 1, '2015-04-27 13:27:30', '0000-00-00 00:00:00'),
(220, 89, 190, 900, 0.1, 4.28571, 1, '2015-04-27 13:27:30', '0000-00-00 00:00:00'),
(221, 90, 148, 1200, 0.1, 5.71429, 1, '2015-04-27 13:31:26', '0000-00-00 00:00:00'),
(222, 90, 155, 600, 0.1, 2.85714, 1, '2015-04-27 13:31:26', '0000-00-00 00:00:00'),
(223, 90, 163, 60, 1, 2.85714, 1, '2015-04-27 13:31:26', '0000-00-00 00:00:00'),
(224, 90, 89, 95, 1, 4.52381, 1, '2015-04-27 13:31:26', '0000-00-00 00:00:00'),
(225, 91, 163, 60, 1, 2.85714, 1, '2015-04-27 13:36:27', '0000-00-00 00:00:00'),
(226, 91, 149, 720, 0.2, 6.85714, 1, '2015-04-27 13:36:27', '0000-00-00 00:00:00'),
(227, 91, 94, 39, 1, 1.85714, 1, '2015-04-27 13:36:27', '0000-00-00 00:00:00'),
(228, 92, 135, 480, 0.1, 2.28571, 1, '2015-04-27 13:38:47', '0000-00-00 00:00:00'),
(229, 92, 145, 950, 0.1, 4.52381, 1, '2015-04-27 13:38:47', '0000-00-00 00:00:00'),
(230, 92, 85, 60, 1, 2.85714, 1, '2015-04-27 13:38:47', '0000-00-00 00:00:00'),
(231, 93, 85, 60, 2, 5.71429, 1, '2015-04-27 13:40:42', '0000-00-00 00:00:00'),
(232, 94, 88, 50, 2, 4.7619, 1, '2015-04-27 13:41:24', '0000-00-00 00:00:00'),
(233, 95, 149, 720, 0.5, 17.1429, 1, '2015-04-27 14:15:28', '0000-00-00 00:00:00'),
(234, 95, 153, 1400, 0.2, 13.3333, 1, '2015-04-27 14:15:29', '0000-00-00 00:00:00'),
(235, 95, 96, 25, 1, 1.19048, 1, '2015-04-27 14:15:29', '0000-00-00 00:00:00'),
(236, 96, 94, 39, 3, 5.57143, 1, '2015-04-27 14:16:58', '0000-00-00 00:00:00'),
(237, 96, 96, 25, 3, 3.57143, 1, '2015-04-27 14:16:58', '0000-00-00 00:00:00'),
(238, 96, 75, 5, 2, 0.47619, 1, '2015-04-27 14:16:58', '0000-00-00 00:00:00'),
(239, 97, 135, 480, 0.1, 2.28571, 1, '2015-04-27 14:17:59', '0000-00-00 00:00:00'),
(240, 98, 157, 680, 0.15, 4.85714, 1, '2015-04-27 14:34:31', '0000-00-00 00:00:00'),
(241, 99, 129, 750, 0.1, 9.49782, 1, '2015-04-27 15:23:21', '0000-00-00 00:00:00'),
(242, 99, 131, 300, 0.1, 1.42857, 1, '2015-04-27 15:23:22', '0000-00-00 00:00:00'),
(243, 100, 148, 1200, 0.2, 11.4286, 1, '2015-04-27 15:24:58', '0000-00-00 00:00:00'),
(244, 101, 156, 800, 0.05, 1.90476, 1, '2015-04-28 04:43:32', '0000-00-00 00:00:00'),
(245, 101, 61, 180, 1, 8.57143, 1, '2015-04-28 04:43:32', '0000-00-00 00:00:00'),
(246, 101, 109, 360, 0.25, 4.28571, 1, '2015-04-28 04:43:32', '0000-00-00 00:00:00'),
(247, 101, 185, 90, 1, 4.28571, 1, '2015-04-28 04:43:32', '0000-00-00 00:00:00'),
(248, 101, 165, 65, 1, 3.09524, 1, '2015-04-28 04:43:32', '0000-00-00 00:00:00'),
(249, 102, 157, 680, 0.1, 3.2381, 1, '2015-04-28 04:46:32', '0000-00-00 00:00:00'),
(250, 102, 165, 65, 1, 3.09524, 1, '2015-04-28 04:46:32', '0000-00-00 00:00:00'),
(251, 102, 7, 120, 1, 5.71429, 1, '2015-04-28 04:46:32', '0000-00-00 00:00:00'),
(252, 102, 58, 100, 1, 4.7619, 1, '2015-04-28 04:46:32', '0000-00-00 00:00:00'),
(253, 102, 58, 100, 1, 4.7619, 1, '2015-04-28 04:46:32', '0000-00-00 00:00:00'),
(254, 103, 104, 290, 0.25, 3.45238, 1, '2015-04-28 04:47:41', '0000-00-00 00:00:00'),
(255, 103, 135, 480, 0.05, 1.14286, 1, '2015-04-28 04:47:41', '0000-00-00 00:00:00'),
(256, 104, 135, 480, 0.1, 2.28571, 1, '2015-04-28 04:48:49', '0000-00-00 00:00:00'),
(257, 105, 12, 330, 1, 15.7143, 1, '2015-04-28 04:51:33', '0000-00-00 00:00:00'),
(258, 105, 148, 1200, 0.25, 14.2857, 1, '2015-04-28 04:51:33', '0000-00-00 00:00:00'),
(259, 105, 155, 600, 0.25, 7.14286, 1, '2015-04-28 04:51:33', '0000-00-00 00:00:00'),
(260, 106, 149, 720, 0.05, 1.71429, 1, '2015-04-28 04:53:29', '0000-00-00 00:00:00'),
(261, 106, 148, 1200, 0.05, 2.85714, 1, '2015-04-28 04:53:29', '0000-00-00 00:00:00'),
(262, 107, 156, 800, 0.1, 3.80952, 1, '2015-04-28 04:56:25', '0000-00-00 00:00:00'),
(263, 107, 80, 450, 0.1, 5.69869, 1, '2015-04-28 04:56:25', '0000-00-00 00:00:00'),
(264, 108, 116, 850, 0.05, 2.02381, 1, '2015-04-28 04:58:48', '0000-00-00 00:00:00'),
(265, 108, 104, 290, 0.25, 3.45238, 1, '2015-04-28 04:58:48', '0000-00-00 00:00:00'),
(266, 108, 114, 850, 0.1, 4.04762, 1, '2015-04-28 04:58:48', '0000-00-00 00:00:00'),
(267, 108, 147, 650, 0.25, 7.7381, 1, '2015-04-28 04:58:48', '0000-00-00 00:00:00'),
(268, 109, 153, 1400, 0.2, 13.3333, 1, '2015-04-28 05:03:50', '0000-00-00 00:00:00'),
(269, 109, 31, 640, 0.2, 6.09524, 1, '2015-04-28 05:03:50', '0000-00-00 00:00:00'),
(270, 109, 128, 950, 0.1, 4.52381, 1, '2015-04-28 05:03:50', '0000-00-00 00:00:00'),
(271, 109, 149, 720, 0.1, 3.42857, 1, '2015-04-28 05:03:50', '0000-00-00 00:00:00'),
(272, 109, 84, 90, 1, 4.28571, 1, '2015-04-28 05:03:50', '0000-00-00 00:00:00'),
(273, 109, 75, 5, 1, 0.238095, 1, '2015-04-28 05:03:50', '0000-00-00 00:00:00'),
(274, 110, 149, 720, 0.25, 8.57143, 1, '2015-04-28 05:06:10', '0000-00-00 00:00:00'),
(275, 111, 104, 290, 0.5, 6.90476, 1, '2015-04-28 05:07:01', '0000-00-00 00:00:00'),
(276, 112, 54, 170, 1, 8.09524, 1, '2015-04-28 05:13:47', '0000-00-00 00:00:00'),
(277, 112, 140, 10, 1, 1.26638, 1, '2015-04-28 05:13:47', '0000-00-00 00:00:00'),
(278, 113, 104, 290, 0.2, 2.7619, 1, '2015-04-28 05:26:22', '0000-00-00 00:00:00'),
(279, 113, 147, 650, 0.1, 3.09524, 1, '2015-04-28 05:26:22', '0000-00-00 00:00:00'),
(280, 113, 148, 1200, 0.1, 5.71429, 1, '2015-04-28 05:26:22', '0000-00-00 00:00:00'),
(281, 114, 131, 300, 0.1, 1.42857, 1, '2015-04-28 05:27:39', '0000-00-00 00:00:00'),
(282, 114, 135, 480, 0.1, 2.28571, 1, '2015-04-28 05:27:39', '0000-00-00 00:00:00'),
(283, 114, 186, 950, 0.1, 4.52381, 1, '2015-04-28 05:27:39', '0000-00-00 00:00:00'),
(284, 115, 77, 170, 1, 8.09524, 1, '2015-04-28 05:28:22', '0000-00-00 00:00:00'),
(285, 115, 85, 60, 1, 2.85714, 1, '2015-04-28 05:28:22', '0000-00-00 00:00:00'),
(286, 116, 135, 480, 0.25, 5.71429, 1, '2015-04-28 05:28:55', '0000-00-00 00:00:00'),
(287, 117, 85, 60, 2, 5.71429, 1, '2015-04-28 05:35:47', '0000-00-00 00:00:00'),
(288, 118, 179, 1300, 0.25, 15.4762, 1, '2015-04-28 05:41:54', '0000-00-00 00:00:00'),
(289, 118, 39, 1550, 0.5, 36.9048, 1, '2015-04-28 05:41:54', '0000-00-00 00:00:00'),
(290, 118, 152, 400, 0.25, 4.7619, 1, '2015-04-28 05:41:54', '0000-00-00 00:00:00'),
(291, 118, 145, 950, 0.5, 22.619, 1, '2015-04-28 05:41:54', '0000-00-00 00:00:00'),
(292, 118, 148, 1200, 0.3, 17.1429, 1, '2015-04-28 05:41:54', '0000-00-00 00:00:00'),
(293, 118, 151, 400, 0.25, 4.7619, 1, '2015-04-28 05:41:54', '0000-00-00 00:00:00'),
(294, 119, 94, 39, 3, 5.57143, 1, '2015-04-28 06:01:03', '0000-00-00 00:00:00'),
(295, 119, 130, 580, 0.2, 14.69, 1, '2015-04-28 06:01:03', '0000-00-00 00:00:00'),
(296, 119, 152, 400, 0.2, 3.80952, 1, '2015-04-28 06:01:03', '0000-00-00 00:00:00'),
(297, 119, 149, 720, 0.25, 8.57143, 1, '2015-04-28 06:01:03', '0000-00-00 00:00:00'),
(298, 119, 43, 160, 1, 7.61905, 1, '2015-04-28 06:01:03', '0000-00-00 00:00:00'),
(299, 119, 165, 65, 1, 3.09524, 1, '2015-04-28 06:01:03', '0000-00-00 00:00:00'),
(300, 119, 51, 100, 1, 4.7619, 1, '2015-04-28 06:01:03', '0000-00-00 00:00:00'),
(301, 119, 93, 34, 3, 4.85714, 1, '2015-04-28 06:01:03', '0000-00-00 00:00:00'),
(302, 120, 116, 850, 0.1, 4.04762, 1, '2015-04-28 06:08:05', '0000-00-00 00:00:00'),
(303, 120, 155, 600, 0.5, 14.2857, 1, '2015-04-28 06:08:06', '0000-00-00 00:00:00'),
(304, 120, 30, 820, 0.5, 19.5238, 1, '2015-04-28 06:08:06', '0000-00-00 00:00:00'),
(305, 120, 115, 850, 0.2, 8.09524, 1, '2015-04-28 06:08:06', '0000-00-00 00:00:00'),
(306, 121, 156, 800, 0.25, 9.52381, 1, '2015-04-28 06:15:09', '0000-00-00 00:00:00'),
(307, 121, 96, 25, 2, 2.38095, 1, '2015-04-28 06:15:09', '0000-00-00 00:00:00'),
(308, 121, 81, 50, 2, 4.7619, 1, '2015-04-28 06:15:09', '0000-00-00 00:00:00'),
(309, 122, 140, 10, 1, 1.26638, 1, '2015-04-28 06:23:04', '0000-00-00 00:00:00'),
(310, 123, 85, 60, 1, 2.85714, 1, '2015-04-28 06:23:33', '0000-00-00 00:00:00'),
(311, 124, 121, 280, 0.1, 1.33333, 1, '2015-04-28 06:25:07', '0000-00-00 00:00:00'),
(312, 124, 75, 5, 2, 0.47619, 1, '2015-04-28 06:25:07', '0000-00-00 00:00:00'),
(313, 125, 149, 720, 0.25, 8.57143, 1, '2015-04-28 06:28:55', '0000-00-00 00:00:00'),
(314, 125, 153, 1400, 0.1, 6.66667, 1, '2015-04-28 06:28:55', '0000-00-00 00:00:00'),
(315, 125, 154, 600, 0.2, 5.71429, 1, '2015-04-28 06:28:55', '0000-00-00 00:00:00'),
(316, 125, 117, 850, 0.1, 4.04762, 1, '2015-04-28 06:28:55', '0000-00-00 00:00:00'),
(317, 125, 118, 480, 0.1, 2.28571, 1, '2015-04-28 06:28:55', '0000-00-00 00:00:00'),
(318, 126, 148, 1200, 0.25, 14.2857, 1, '2015-04-28 06:31:20', '0000-00-00 00:00:00'),
(319, 126, 145, 950, 0.25, 11.3095, 1, '2015-04-28 06:31:20', '0000-00-00 00:00:00'),
(320, 127, 147, 650, 0.1, 3.09524, 1, '2015-04-28 06:33:11', '0000-00-00 00:00:00'),
(321, 127, 154, 600, 0.1, 2.85714, 1, '2015-04-28 06:33:11', '0000-00-00 00:00:00'),
(322, 127, 151, 400, 0.1, 1.90476, 1, '2015-04-28 06:33:11', '0000-00-00 00:00:00'),
(323, 127, 156, 800, 0.1, 3.80952, 1, '2015-04-28 06:33:11', '0000-00-00 00:00:00'),
(324, 128, 149, 720, 0.1, 3.42857, 1, '2015-04-28 06:34:01', '0000-00-00 00:00:00'),
(325, 129, 148, 1200, 0.2, 11.4286, 1, '2015-04-28 06:47:31', '0000-00-00 00:00:00'),
(326, 129, 40, 820, 1, 39.0476, 1, '2015-04-28 06:47:31', '0000-00-00 00:00:00'),
(327, 130, 114, 850, 0.25, 10.119, 1, '2015-04-28 07:51:52', '0000-00-00 00:00:00'),
(328, 130, 156, 800, 0.25, 9.52381, 1, '2015-04-28 07:51:52', '0000-00-00 00:00:00'),
(329, 130, 165, 65, 1, 3.09524, 1, '2015-04-28 07:51:52', '0000-00-00 00:00:00'),
(330, 130, 76, 10, 2, 0.952381, 1, '2015-04-28 07:51:52', '0000-00-00 00:00:00'),
(331, 130, 34, 525, 0.5, 12.5, 1, '2015-04-28 07:51:52', '0000-00-00 00:00:00'),
(332, 130, 140, 10, 1, 1.26638, 1, '2015-04-28 07:51:52', '0000-00-00 00:00:00'),
(333, 130, 140, 10, 1, 1.26638, 1, '2015-04-28 07:51:52', '0000-00-00 00:00:00'),
(334, 131, 135, 480, 0.05, 1.14286, 1, '2015-04-28 07:55:51', '0000-00-00 00:00:00'),
(335, 131, 93, 34, 1, 1.61905, 1, '2015-04-28 07:55:51', '0000-00-00 00:00:00'),
(336, 132, 34, 525, 0.115, 2.87524, 1, '2015-04-28 08:08:35', '0000-00-00 00:00:00'),
(337, 133, 88, 50, 1, 2.38095, 1, '2015-04-28 08:16:54', '0000-00-00 00:00:00'),
(338, 134, 107, 360, 1, 17.1429, 1, '2015-04-28 11:06:33', '0000-00-00 00:00:00'),
(339, 134, 46, 330, 1, 15.7143, 1, '2015-04-28 11:06:33', '0000-00-00 00:00:00'),
(340, 134, 25, 255, 1, 12.1429, 1, '2015-04-28 11:06:33', '0000-00-00 00:00:00'),
(341, 135, 34, 525, 0.2, 5, 1, '2015-04-28 11:07:58', '0000-00-00 00:00:00'),
(342, 135, 40, 820, 0.2, 7.80952, 1, '2015-04-28 11:07:58', '0000-00-00 00:00:00'),
(343, 135, 72, 195, 1, 9.28571, 1, '2015-04-28 11:07:58', '0000-00-00 00:00:00'),
(344, 136, 156, 800, 0.2, 7.61905, 1, '2015-04-28 11:09:07', '0000-00-00 00:00:00'),
(345, 137, 25, 255, 1, 12.1429, 1, '2015-04-28 11:10:13', '0000-00-00 00:00:00'),
(346, 138, 55, 65, 2, 6.19048, 1, '2015-04-28 11:11:16', '0000-00-00 00:00:00'),
(347, 139, 115, 850, 0.2, 8.09524, 1, '2015-04-28 11:14:53', '0000-00-00 00:00:00'),
(348, 139, 46, 330, 1, 15.7143, 1, '2015-04-28 11:14:53', '0000-00-00 00:00:00'),
(349, 139, 155, 600, 0.2, 5.71429, 1, '2015-04-28 11:14:53', '0000-00-00 00:00:00'),
(350, 140, 156, 800, 0.2, 7.61905, 1, '2015-04-28 11:16:15', '0000-00-00 00:00:00'),
(351, 140, 154, 600, 0.1, 2.85714, 1, '2015-04-28 11:16:15', '0000-00-00 00:00:00'),
(352, 141, 76, 10, 1, 0.47619, 1, '2015-04-28 11:18:04', '0000-00-00 00:00:00'),
(353, 141, 46, 330, 1, 15.7143, 1, '2015-04-28 11:18:04', '0000-00-00 00:00:00'),
(354, 141, 147, 650, 0.2, 6.19048, 1, '2015-04-28 11:18:04', '0000-00-00 00:00:00'),
(355, 141, 156, 800, 0.2, 7.61905, 1, '2015-04-28 11:18:04', '0000-00-00 00:00:00'),
(356, 141, 155, 600, 0.2, 5.71429, 1, '2015-04-28 11:18:04', '0000-00-00 00:00:00'),
(357, 141, 6, 53, 1, 2.52381, 1, '2015-04-28 11:18:04', '0000-00-00 00:00:00'),
(358, 142, 116, 850, 0.1, 4.04762, 1, '2015-04-28 11:19:40', '0000-00-00 00:00:00'),
(359, 142, 51, 100, 1, 4.7619, 1, '2015-04-28 11:19:40', '0000-00-00 00:00:00'),
(360, 142, 4, 45, 1, 2.14286, 1, '2015-04-28 11:19:40', '0000-00-00 00:00:00'),
(361, 142, 61, 180, 2, 17.1429, 1, '2015-04-28 11:19:40', '0000-00-00 00:00:00'),
(362, 142, 96, 25, 2, 2.38095, 1, '2015-04-28 11:19:40', '0000-00-00 00:00:00'),
(363, 143, 135, 480, 0.05, 1.14286, 1, '2015-04-28 11:27:40', '0000-00-00 00:00:00'),
(364, 143, 93, 34, 1, 1.61905, 1, '2015-04-28 11:27:40', '0000-00-00 00:00:00'),
(365, 144, 16, 200, 1, 9.52381, 1, '2015-04-28 11:30:26', '0000-00-00 00:00:00'),
(366, 145, 16, 200, 1, 9.52381, 1, '2015-04-28 11:30:57', '0000-00-00 00:00:00'),
(368, 146, 96, 25, 2, 2.27273, 1, '2015-04-28 11:41:11', '0000-00-00 00:00:00'),
(369, 147, 149, 720, 0.1, 3.42857, 1, '2015-04-28 11:46:00', '0000-00-00 00:00:00'),
(370, 147, 75, 5, 1, 0.238095, 1, '2015-04-28 11:46:00', '0000-00-00 00:00:00'),
(371, 147, 135, 480, 0.05, 1.14286, 1, '2015-04-28 11:46:00', '0000-00-00 00:00:00'),
(372, 148, 186, 950, 0.05, 2.2619, 1, '2015-04-28 12:09:54', '0000-00-00 00:00:00'),
(373, 148, 129, 750, 0.1, 9.49782, 1, '2015-04-28 12:09:54', '0000-00-00 00:00:00'),
(374, 149, 85, 60, 1, 2.85714, 1, '2015-04-28 12:25:32', '0000-00-00 00:00:00'),
(375, 149, 93, 34, 1, 1.61905, 1, '2015-04-28 12:25:32', '0000-00-00 00:00:00'),
(376, 150, 94, 39, 2, 3.71429, 1, '2015-04-28 12:52:51', '0000-00-00 00:00:00'),
(377, 151, 145, 950, 0.1, 4.52381, 1, '2015-04-28 13:05:48', '0000-00-00 00:00:00'),
(378, 152, 186, 950, 0.05, 2.2619, 1, '2015-04-28 13:20:41', '0000-00-00 00:00:00'),
(379, 152, 80, 450, 0.05, 2.84934, 1, '2015-04-28 13:20:41', '0000-00-00 00:00:00'),
(380, 152, 94, 39, 1, 1.85714, 1, '2015-04-28 13:20:41', '0000-00-00 00:00:00'),
(381, 152, 81, 50, 1, 2.38095, 1, '2015-04-28 13:20:41', '0000-00-00 00:00:00'),
(382, 153, 133, 380, 0.1, 1.80952, 1, '2015-04-28 13:39:23', '0000-00-00 00:00:00'),
(383, 154, 148, 1200, 0.25, 14.2857, 1, '2015-04-28 14:18:42', '0000-00-00 00:00:00'),
(384, 154, 84, 90, 1, 4.28571, 1, '2015-04-28 14:18:42', '0000-00-00 00:00:00'),
(385, 214, 118, 480, 0.05, 1.14286, 1, '2015-04-30 12:13:26', '0000-00-00 00:00:00'),
(386, 214, 186, 950, 0.1, 4.52381, 1, '2015-04-30 12:13:26', '0000-00-00 00:00:00'),
(387, 214, 145, 950, 0.05, 2.2619, 1, '2015-04-30 12:13:26', '0000-00-00 00:00:00'),
(388, 215, 33, 325, 0.25, 3.86905, 1, '2015-04-30 12:53:12', '0000-00-00 00:00:00'),
(389, 216, 104, 290, 0.5, 6.90476, 1, '2015-04-30 12:55:26', '0000-00-00 00:00:00'),
(390, 216, 94, 39, 1, 1.85714, 1, '2015-04-30 12:55:26', '0000-00-00 00:00:00'),
(391, 217, 94, 39, 1, 1.85714, 1, '2015-04-30 12:57:18', '0000-00-00 00:00:00'),
(392, 218, 37, 535, 0.25, 6.36905, 1, '2015-04-30 13:03:56', '0000-00-00 00:00:00'),
(393, 219, 135, 480, 0.1, 2.28571, 1, '2015-04-30 13:12:33', '0000-00-00 00:00:00'),
(394, 219, 157, 680, 0.1, 3.2381, 1, '2015-04-30 13:12:33', '0000-00-00 00:00:00'),
(395, 219, 182, 295, 1, 14.0476, 1, '2015-04-30 13:12:33', '0000-00-00 00:00:00'),
(396, 219, 140, 10, 1, 1.26638, 1, '2015-04-30 13:12:33', '0000-00-00 00:00:00'),
(397, 219, 145, 950, 0.1, 4.52381, 1, '2015-04-30 13:12:33', '0000-00-00 00:00:00'),
(398, 220, 75, 5, 1, 0.238095, 1, '2015-04-30 13:17:23', '0000-00-00 00:00:00'),
(399, 221, 155, 600, 0.1, 2.85714, 1, '2015-04-30 13:55:44', '0000-00-00 00:00:00'),
(400, 222, 49, 100, 1, 4.7619, 1, '2015-04-30 14:24:10', '0000-00-00 00:00:00'),
(401, 223, 94, 39, 2, 3.71429, 1, '2015-04-30 15:01:51', '0000-00-00 00:00:00'),
(402, 224, 145, 950, 0.1, 4.52381, 1, '2015-04-30 15:37:24', '0000-00-00 00:00:00'),
(403, 224, 156, 800, 0.1, 3.80952, 1, '2015-04-30 15:37:24', '0000-00-00 00:00:00'),
(404, 224, 164, 65, 1, 3.09524, 1, '2015-04-30 15:37:24', '0000-00-00 00:00:00'),
(405, 224, 122, 1050, 0.1, 5, 1, '2015-04-30 15:37:24', '0000-00-00 00:00:00'),
(406, 224, 167, 10, 1, 0.47619, 1, '2015-04-30 15:37:24', '0000-00-00 00:00:00'),
(407, 225, 45, 170, 1, 8.09524, 1, '2015-04-30 15:40:34', '0000-00-00 00:00:00'),
(408, 225, 9, 145, 1, 6.90476, 1, '2015-04-30 15:40:34', '0000-00-00 00:00:00'),
(409, 225, 156, 800, 0.15, 5.71429, 1, '2015-04-30 15:40:34', '0000-00-00 00:00:00'),
(410, 225, 148, 1200, 0.05, 7.59825, 1, '2015-04-30 15:40:34', '0000-00-00 00:00:00'),
(411, 226, 75, 5, 1, 0.238095, 1, '2015-04-30 15:42:39', '0000-00-00 00:00:00'),
(412, 227, 48, 80, 1, 3.80952, 1, '2015-04-30 15:53:45', '0000-00-00 00:00:00'),
(413, 227, 2, 60, 1, 2.85714, 1, '2015-04-30 15:53:45', '0000-00-00 00:00:00'),
(414, 228, 32, 290, 0.2, 2.7619, 1, '2015-04-30 15:56:57', '0000-00-00 00:00:00'),
(415, 229, 159, 35, 1, 1.66667, 1, '2015-04-30 16:04:53', '0000-00-00 00:00:00'),
(416, 229, 154, 600, 0.1, 2.85714, 1, '2015-04-30 16:04:53', '0000-00-00 00:00:00'),
(417, 229, 147, 650, 0.1, 3.09524, 1, '2015-04-30 16:04:53', '0000-00-00 00:00:00'),
(418, 229, 148, 1200, 0.1, 15.1965, 1, '2015-04-30 16:04:53', '0000-00-00 00:00:00'),
(419, 229, 156, 800, 0.1, 3.80952, 1, '2015-04-30 16:04:53', '0000-00-00 00:00:00'),
(420, 230, 191, 850, 0.1, 4.04762, 1, '2015-04-30 16:19:26', '0000-00-00 00:00:00'),
(421, 230, 115, 850, 0.1, 4.04762, 1, '2015-04-30 16:19:26', '0000-00-00 00:00:00'),
(422, 230, 155, 600, 0.1, 2.85714, 1, '2015-04-30 16:19:26', '0000-00-00 00:00:00'),
(423, 230, 157, 680, 0.1, 3.2381, 1, '2015-04-30 16:19:26', '0000-00-00 00:00:00');

-- --------------------------------------------------------

--
-- Table structure for table `tax_category`
--

CREATE TABLE IF NOT EXISTS `tax_category` (
  `id` int(11) NOT NULL AUTO_INCREMENT,
  `tax_category_name` varchar(200) NOT NULL,
  `tax_percentage` float NOT NULL,
  `created_at` timestamp NOT NULL DEFAULT CURRENT_TIMESTAMP,
  `last_edited` timestamp NOT NULL DEFAULT '0000-00-00 00:00:00',
  PRIMARY KEY (`id`)
) ENGINE=InnoDB  DEFAULT CHARSET=latin1 AUTO_INCREMENT=4 ;

--
-- Dumping data for table `tax_category`
--

INSERT INTO `tax_category` (`id`, `tax_category_name`, `tax_percentage`, `created_at`, `last_edited`) VALUES
(1, '5%', 5, '2015-04-15 17:17:45', '2015-04-12 05:24:02'),
(2, '14.5%', 14.5, '2015-04-15 17:17:45', '2015-04-12 05:24:16');

-- --------------------------------------------------------

--
-- Table structure for table `user`
--

CREATE TABLE IF NOT EXISTS `user` (
  `id` int(11) NOT NULL AUTO_INCREMENT,
  `user_name` varchar(200) NOT NULL,
  `name` varchar(100) NOT NULL,
  `company_id` int(11) NOT NULL,
  `wacher_id` int(11) NOT NULL,
  `password_hashed` varchar(50) NOT NULL,
  `access_tocken` varchar(50) DEFAULT NULL,
  `user_type_id` int(11) NOT NULL,
  `created_at` timestamp NOT NULL DEFAULT CURRENT_TIMESTAMP,
  `last_edited` timestamp NOT NULL DEFAULT '0000-00-00 00:00:00',
  `last_accessed` timestamp NOT NULL DEFAULT '0000-00-00 00:00:00',
  PRIMARY KEY (`id`),
  UNIQUE KEY `user_name` (`user_name`),
  KEY `company_id` (`company_id`),
  KEY `user_type_id` (`user_type_id`),
  KEY `company_id_2` (`company_id`),
  KEY `user_type_id_2` (`user_type_id`)
) ENGINE=InnoDB  DEFAULT CHARSET=latin1 AUTO_INCREMENT=5 ;

--
-- Dumping data for table `user`
--

INSERT INTO `user` (`id`, `user_name`, `name`, `company_id`, `wacher_id`, `password_hashed`, `access_tocken`, `user_type_id`, `created_at`, `last_edited`, `last_accessed`) VALUES
(1, 'admin', 'Pik Nik admin', 1, 0, '81dc9bdb52d04dc20036dbd8313ed055', NULL, 4, '2015-04-08 09:21:37', '2015-04-08 09:21:37', '2015-04-08 09:21:37'),
(2, 'shopadmin1', 'Admin Shop 1', 1, 0, '81dc9bdb52d04dc20036dbd8313ed055', NULL, 3, '2015-04-08 09:21:38', '2015-04-08 09:21:38', '2015-04-08 09:21:38'),
(3, 'purchace1', 'Liji', 1, 0, '81dc9bdb52d04dc20036dbd8313ed055', NULL, 2, '2015-04-08 09:21:38', '2015-04-08 09:21:38', '2015-04-08 09:21:38'),
(4, 'pos1', 'POS company 1', 1, 0, '81dc9bdb52d04dc20036dbd8313ed055', NULL, 1, '2015-04-08 09:21:39', '2015-04-08 09:21:39', '2015-04-08 09:21:39');

-- --------------------------------------------------------

--
-- Table structure for table `user_type`
--

CREATE TABLE IF NOT EXISTS `user_type` (
  `id` int(11) NOT NULL AUTO_INCREMENT,
  `user_type_name` varchar(100) NOT NULL,
  `created_at` timestamp NOT NULL DEFAULT CURRENT_TIMESTAMP,
  `last_edited` timestamp NOT NULL DEFAULT '0000-00-00 00:00:00',
  PRIMARY KEY (`id`)
) ENGINE=InnoDB  DEFAULT CHARSET=latin1 AUTO_INCREMENT=5 ;

--
-- Dumping data for table `user_type`
--

INSERT INTO `user_type` (`id`, `user_type_name`, `created_at`, `last_edited`) VALUES
(1, 'POS - sales', '2015-04-07 02:39:17', '2015-04-07 02:39:17'),
(2, 'manager - Purchace', '2015-04-07 02:39:51', '2015-04-07 02:39:51'),
(3, 'Company Admin', '2015-04-07 02:40:24', '2015-04-07 02:40:24'),
(4, 'Corporate Admin', '2015-04-07 02:40:45', '2015-04-07 02:40:45');

-- --------------------------------------------------------

--
-- Table structure for table `wendors`
--

CREATE TABLE IF NOT EXISTS `wendors` (
  `id` int(11) NOT NULL AUTO_INCREMENT,
  `wendor_name` varchar(200) NOT NULL,
  `total_puchace_amount` int(11) NOT NULL,
  `contact_no` varchar(20) NOT NULL,
  `contact_address` varchar(250) NOT NULL,
  `wendor_tin_number` varchar(50) NOT NULL,
  `created_at` timestamp NOT NULL DEFAULT CURRENT_TIMESTAMP,
  `last_edited` timestamp NOT NULL DEFAULT '0000-00-00 00:00:00',
  PRIMARY KEY (`id`)
) ENGINE=InnoDB  DEFAULT CHARSET=latin1 AUTO_INCREMENT=12 ;

--
-- Dumping data for table `wendors`
--

INSERT INTO `wendors` (`id`, `wendor_name`, `total_puchace_amount`, `contact_no`, `contact_address`, `wendor_tin_number`, `created_at`, `last_edited`) VALUES
(1, 'sample', 0, '9746393923', 'sample address', '', '2015-04-21 17:54:34', '0000-00-00 00:00:00'),
(2, 'PIKNIK ALLIED PRODUCTS', 0, '9388627725', '5/2610,ASHOKAPURAM.NEAR MUTHAPANKAVU,CALICUT-6', '', '2015-04-22 07:35:57', '0000-00-00 00:00:00'),
(3, 'NOUFAL.K.', 0, '0000000000', 'NEAR BUSSTAND,MLAPPURAM', '', '2015-04-22 09:11:22', '0000-00-00 00:00:00'),
(4, 'ABDULKAREEM.C', 0, '000', 'NEAR RAILWAYSTATION,TIRUR', '', '2015-04-22 09:14:01', '0000-00-00 00:00:00'),
(5, 'BASHEER.M', 0, '0000', 'NEAR BUSSTAND, MALAPPURAM', '', '2015-04-22 11:37:03', '0000-00-00 00:00:00'),
(6, 'BALAKRISHNAN,N', 0, '0000', 'INSIDE BUSSTAND,TIRUR', '', '2015-04-22 11:38:17', '0000-00-00 00:00:00'),
(7, 'MOHANAN.P', 0, '0000', 'NEAR BUSSTAND,KANNUR', '', '2015-04-22 11:38:51', '0000-00-00 00:00:00'),
(8, 'KAREEM.K', 0, '00', 'BUSSTAND, PALAKKAD', '', '2015-04-23 07:36:12', '0000-00-00 00:00:00'),
(9, 'VINODKUMAR.C', 0, '000', 'NEAR BUSSTAND,PALAKKAD', '', '2015-04-23 07:36:48', '0000-00-00 00:00:00'),
(10, 'FAIZAL', 0, '001', 'NEAR BUSSTAND.MALPPURAM', '', '2015-04-24 06:29:59', '0000-00-00 00:00:00');

--
-- Constraints for dumped tables
--

--
-- Constraints for table `bank_deposits`
--
ALTER TABLE `bank_deposits`
  ADD CONSTRAINT `bank_deposits_ibfk_2` FOREIGN KEY (`bank_id`) REFERENCES `bank` (`id`) ON UPDATE NO ACTION,
  ADD CONSTRAINT `bank_deposits_ibfk_1` FOREIGN KEY (`cachier_id`) REFERENCES `user` (`id`) ON UPDATE NO ACTION;

--
-- Constraints for table `customer`
--
ALTER TABLE `customer`
  ADD CONSTRAINT `customer_ibfk_1` FOREIGN KEY (`company_id`) REFERENCES `company` (`id`) ON UPDATE NO ACTION;

--
-- Constraints for table `inventry`
--
ALTER TABLE `inventry`
  ADD CONSTRAINT `inventry_ibfk_3` FOREIGN KEY (`tax_category_id`) REFERENCES `tax_category` (`id`) ON UPDATE NO ACTION,
  ADD CONSTRAINT `inventry_ibfk_1` FOREIGN KEY (`item_id`) REFERENCES `item` (`id`) ON UPDATE NO ACTION,
  ADD CONSTRAINT `inventry_ibfk_2` FOREIGN KEY (`company_id`) REFERENCES `company` (`id`) ON UPDATE NO ACTION;

--
-- Constraints for table `item`
--
ALTER TABLE `item`
  ADD CONSTRAINT `item_ibfk_1` FOREIGN KEY (`tax_category_id`) REFERENCES `tax_category` (`id`) ON UPDATE NO ACTION;

--
-- Constraints for table `purchaces`
--
ALTER TABLE `purchaces`
  ADD CONSTRAINT `purchaces_ibfk_3` FOREIGN KEY (`company_id`) REFERENCES `company` (`id`) ON UPDATE NO ACTION,
  ADD CONSTRAINT `purchaces_ibfk_1` FOREIGN KEY (`wendor_id`) REFERENCES `wendors` (`id`) ON UPDATE NO ACTION,
  ADD CONSTRAINT `purchaces_ibfk_2` FOREIGN KEY (`purchace_manager_id`) REFERENCES `user` (`id`) ON UPDATE NO ACTION;

--
-- Constraints for table `purchace_items`
--
ALTER TABLE `purchace_items`
  ADD CONSTRAINT `purchace_items_ibfk_2` FOREIGN KEY (`item_id`) REFERENCES `item` (`id`) ON UPDATE NO ACTION,
  ADD CONSTRAINT `purchace_items_ibfk_1` FOREIGN KEY (`purchace_id`) REFERENCES `purchaces` (`id`) ON UPDATE NO ACTION;

--
-- Constraints for table `redeems`
--
ALTER TABLE `redeems`
  ADD CONSTRAINT `redeems_ibfk_2` FOREIGN KEY (`cachier_id`) REFERENCES `user` (`id`) ON UPDATE NO ACTION,
  ADD CONSTRAINT `redeems_ibfk_1` FOREIGN KEY (`customer_id`) REFERENCES `customer` (`id`) ON UPDATE NO ACTION;

--
-- Constraints for table `sales`
--
ALTER TABLE `sales`
  ADD CONSTRAINT `sales_ibfk_1` FOREIGN KEY (`company_id`) REFERENCES `company` (`id`) ON UPDATE NO ACTION;

--
-- Constraints for table `sales_items`
--
ALTER TABLE `sales_items`
  ADD CONSTRAINT `sales_items_ibfk_3` FOREIGN KEY (`company_id`) REFERENCES `company` (`id`) ON UPDATE NO ACTION,
  ADD CONSTRAINT `sales_items_ibfk_1` FOREIGN KEY (`sale_id`) REFERENCES `sales` (`id`) ON UPDATE NO ACTION,
  ADD CONSTRAINT `sales_items_ibfk_2` FOREIGN KEY (`item_id`) REFERENCES `item` (`id`) ON UPDATE NO ACTION;

--
-- Constraints for table `user`
--
ALTER TABLE `user`
  ADD CONSTRAINT `user_ibfk_2` FOREIGN KEY (`user_type_id`) REFERENCES `user_type` (`id`) ON UPDATE NO ACTION,
  ADD CONSTRAINT `user_ibfk_1` FOREIGN KEY (`company_id`) REFERENCES `company` (`id`) ON UPDATE NO ACTION;

/*!40101 SET CHARACTER_SET_CLIENT=@OLD_CHARACTER_SET_CLIENT */;
/*!40101 SET CHARACTER_SET_RESULTS=@OLD_CHARACTER_SET_RESULTS */;
/*!40101 SET COLLATION_CONNECTION=@OLD_COLLATION_CONNECTION */;
